Module,Artifact,Header Name,SQL Safe Header Name,Type
c2paProvenance,get_c2paProvenance,"""Media""",media,media
c2paProvenance,get_c2paProvenance,"""Media State""",media_state,
c2paProvenance,get_c2paProvenance,"""AI Generated?""",ai_generated,
c2paProvenance,get_c2paProvenance,"""Digital Source Type""",digital_source_type,
c2paProvenance,get_c2paProvenance,"""Metadata Source""",metadata_source,
c2paProvenance,get_c2paProvenance,"""Claim Generator / Creator Tool""",claim_generator_creator_tool,
c2paProvenance,get_c2paProvenance,"""Actions""",actions,
c2paProvenance,get_c2paProvenance,"""Software Agent(s)""",software_agents,
c2paProvenance,get_c2paProvenance,"""Author(s) / Creator""",authors_creator,
c2paProvenance,get_c2paProvenance,"""Credit / Copyright""",credit_copyright,
c2paProvenance,get_c2paProvenance,"""Title""",title,
c2paProvenance,get_c2paProvenance,"""Ingredients (Prior Assets)""",ingredients_prior_assets,
c2paProvenance,get_c2paProvenance,"""Signing Time (TSA)""",signing_time_tsa,datetime
c2paProvenance,get_c2paProvenance,"""Signed By (stated)""",signed_by_stated,
c2paProvenance,get_c2paProvenance,"""Certificate Issuer""",certificate_issuer,
c2paProvenance,get_c2paProvenance,"""Certificate Validity""",certificate_validity,
c2paProvenance,get_c2paProvenance,"""Signature Algorithm""",signature_algorithm,
c2paProvenance,get_c2paProvenance,"""Manifest ID""",manifest_id,
c2paProvenance,get_c2paProvenance,"""Format""",format,
c2paProvenance,get_c2paProvenance,"""Source File""",source_file,
packageInfo,get_package_info,"""ft""",ft,datetime
packageInfo,get_package_info,"""Name""",name,
packageInfo,get_package_info,"""Install Time""",install_time,datetime
packageInfo,get_package_info,"""Update Time""",update_time,datetime
packageInfo,get_package_info,"""Install Originator""",install_originator,
packageInfo,get_package_info,"""Installer""",installer,
packageInfo,get_package_info,"""Code Path""",code_path,
packageInfo,get_package_info,"""Public Flags""",public_flags,
packageInfo,get_package_info,"""Private Flags""",private_flags,
GarminJson,get_garmin_json,"""_id""",_id,
GarminJson,get_garmin_json,"""saved_timestamp""",saved_timestamp,datetime
GarminJson,get_garmin_json,"""concept_id""",concept_id,
GarminJson,get_garmin_json,"""json""",json,
L360noshowalerts,Life360_NoShowAlerts,"""Last Updated""",last_updated,datetime
L360noshowalerts,Life360_NoShowAlerts,"""Run At""",run_at,datetime
L360noshowalerts,Life360_NoShowAlerts,"""Trigger Condition""",trigger_condition,
L360noshowalerts,Life360_NoShowAlerts,"""Type""",type,
L360noshowalerts,Life360_NoShowAlerts,"""Place ID""",place_id,
L360noshowalerts,Life360_NoShowAlerts,"""Observed User ID""",observed_user_id,
L360noshowalerts,Life360_NoShowAlerts,"""Creator ID""",creator_id,
L360noshowalerts,Life360_NoShowAlerts,"""Source""",source,
L360noshowalerts,Life360_NoShowAlerts,"""WAL Location""",wal_location,
L360noshowalerts,Life360_NoShowAlerts,"""WAL Offset""",wal_offset,
protonVPN,get_protonvpn_device_info,"""Key""",key,
protonVPN,get_protonvpn_device_info,"""Value""",value,
protonVPN,get_protonvpn_connection_history,"""Server Address""",server_address,
protonVPN,get_protonvpn_connection_history,"""Timestamp""",timestamp,datetime
protonVPN,get_protonvpn_user_info,"""Email""",email,
protonVPN,get_protonvpn_user_info,"""Name""",name,
protonVPN,get_protonvpn_user_info,"""Username""",username,
protonVPN,get_protonvpn_user_info,"""Display Name""",display_name,
protonVPN,get_protonvpn_user_info,"""Account State""",account_state,
atrackerdetect,get_atrackerdetect,"""Key""",key,
atrackerdetect,get_atrackerdetect,"""Value""",value,
atrackerdetect,get_atrackerdetect,"""Milliseconds from Last Boot Time""",milliseconds_from_last_boot_time,
build,get_build,"""Key""",key,
build,get_build,"""Value""",value,
L360circlesettings,Life360_CircleSettings,"""Circle ID""",circle_id,
L360circlesettings,Life360_CircleSettings,"""App Features""",app_features,
L360circlesettings,Life360_CircleSettings,"""App Features ID""",app_features_id,
L360circlesettings,Life360_CircleSettings,"""Collision Alerts Push""",collision_alerts_push,
L360circlesettings,Life360_CircleSettings,"""Collision Alerts SMS""",collision_alerts_sms,
L360circlesettings,Life360_CircleSettings,"""Customer Support""",customer_support,
L360circlesettings,Life360_CircleSettings,"""Data Breach Detection""",data_breach_detection,
L360circlesettings,Life360_CircleSettings,"""Driver Reports""",driver_reports,
L360circlesettings,Life360_CircleSettings,"""Location History""",location_history,
L360circlesettings,Life360_CircleSettings,"""Place Alerts""",place_alerts,
L360circlesettings,Life360_CircleSettings,"""Plan""",plan,
L360circlesettings,Life360_CircleSettings,"""SOS Alerts Push""",sos_alerts_push,
L360circlesettings,Life360_CircleSettings,"""SOS Alerts SMS""",sos_alerts_sms,
L360circlesettings,Life360_CircleSettings,"""TileGPS Activation""",tilegps_activation,
L360circlesettings,Life360_CircleSettings,"""Uber One""",uber_one,
pikpakCloudlist,get_pikpakCloudlist,"""Create Time""",create_time,
pikpakCloudlist,get_pikpakCloudlist,"""Modify Time""",modify_time,
pikpakCloudlist,get_pikpakCloudlist,"""Delete Time""",delete_time,
pikpakCloudlist,get_pikpakCloudlist,"""Local Update Time""",local_update_time,datetime
pikpakCloudlist,get_pikpakCloudlist,"""User ID""",user_id,
pikpakCloudlist,get_pikpakCloudlist,"""Name""",name,
pikpakCloudlist,get_pikpakCloudlist,"""Kind""",kind,
pikpakCloudlist,get_pikpakCloudlist,"""URL""",url,
pikpakCloudlist,get_pikpakCloudlist,"""Thumbnail Link""",thumbnail_link,
googleFitGMS,googleFitGMS,"""Activity Start Time""",activity_start_time,datetime
googleFitGMS,googleFitGMS,"""Activity End Time""",activity_end_time,datetime
googleFitGMS,googleFitGMS,"""Contributing App""",contributing_app,
googleFitGMS,googleFitGMS,"""Activity Type""",activity_type,
googleFitGMS,googleFitGMS,"""Activity Name""",activity_name,
googleFitGMS,googleFitGMS,"""Activity Description""",activity_description,
googleFitGMS,googleFitGMS,"""Source File""",source_file,
smsmms,get_sms_mms,"""Date""",date,datetime
smsmms,get_sms_mms,"""MSG ID""",msg_id,
smsmms,get_sms_mms,"""Thread ID""",thread_id,
smsmms,get_sms_mms,"""Address""",address,
smsmms,get_sms_mms,"""Contact ID""",contact_id,
smsmms,get_sms_mms,"""Date Sent""",date_sent,datetime
smsmms,get_sms_mms,"""Read""",read,
smsmms,get_sms_mms,"""Type""",type,
smsmms,get_sms_mms,"""Body""",body,
smsmms,get_sms_mms,"""Service Center""",service_center,
smsmms,get_sms_mms,"""Error Code""",error_code,
smsmms,get_sms_mms_mms,"""Date""",date,datetime
smsmms,get_sms_mms_mms,"""MSG ID""",msg_id,
smsmms,get_sms_mms_mms,"""Thread ID""",thread_id,
smsmms,get_sms_mms_mms,"""Date Sent""",date_sent,datetime
smsmms,get_sms_mms_mms,"""Read""",read,
smsmms,get_sms_mms_mms,"""From Address""",from_address,
smsmms,get_sms_mms_mms,"""To Address""",to_address,
smsmms,get_sms_mms_mms,"""Cc""",cc,
smsmms,get_sms_mms_mms,"""Bcc""",bcc,
smsmms,get_sms_mms_mms,"""Body""",body,
smsmms,get_sms_mms_mms,"""Media""",media,media
smsmms,get_sms_mms_mms,"""Direction""",direction,
FCMQueuedMessagesSkype,get_fcm_skype,"""FCM Timestamp""",fcm_timestamp,datetime
FCMQueuedMessagesSkype,get_fcm_skype,"""App""",app,
FCMQueuedMessagesSkype,get_fcm_skype,"""Original Timestamp""",original_timestamp,
FCMQueuedMessagesSkype,get_fcm_skype,"""Conversation ID""",conversation_id,
FCMQueuedMessagesSkype,get_fcm_skype,"""Recipient""",recipient,
FCMQueuedMessagesSkype,get_fcm_skype,"""Sender""",sender,
FCMQueuedMessagesSkype,get_fcm_skype,"""Content""",content,
FCMQueuedMessagesSkype,get_fcm_skype,"""Metadata""",metadata,
FCMQueuedMessagesSkype,get_fcm_skype_notifications,"""Timestamp""",timestamp,datetime
FCMQueuedMessagesSkype,get_fcm_skype_notifications,"""App""",app,
FCMQueuedMessagesSkype,get_fcm_skype_notifications,"""Title""",title,
FCMQueuedMessagesSkype,get_fcm_skype_notifications,"""Message""",message,
FCMQueuedMessagesSkype,get_fcm_skype_notifications,"""Recipient""",recipient,
FCMQueuedMessagesSkype,get_fcm_skype_notifications,"""Link""",link,
googleMapsSearches,get_googleMapsSearches,"""Timestamp""",timestamp,datetime
googleMapsSearches,get_googleMapsSearches,"""Place""",place,
googleMapsSearches,get_googleMapsSearches,"""Latitude""",latitude,
googleMapsSearches,get_googleMapsSearches,"""Longitude""",longitude,
googleMapsSearches,get_googleMapsSearches,"""URL""",url,
googleDialer,googleDialerAnnotatedCallLog,"""Timestamp""",timestamp,datetime
googleDialer,googleDialerAnnotatedCallLog,"""Formatted Number""",formatted_number,phonenumber
googleDialer,googleDialerAnnotatedCallLog,"""Raw Number""",raw_number,phonenumber
googleDialer,googleDialerAnnotatedCallLog,"""Call Type""",call_type,
googleDialer,googleDialerAnnotatedCallLog,"""Presentation""",presentation,
googleDialer,googleDialerAnnotatedCallLog,"""Duration (Seconds)""",duration_seconds,
googleDialer,googleDialerAnnotatedCallLog,"""Geocoded Location""",geocoded_location,
googleDialer,googleDialerAnnotatedCallLog,"""Phone Account ID""",phone_account_id,
googleDialer,googleDialerAnnotatedCallLog,"""Is Read""",is_read,
googleDialer,googleDialerAnnotatedCallLog,"""New""",new,
googleDialer,googleDialerAnnotatedCallLog,"""Is Voicemail Call""",is_voicemail_call,
googleDialer,googleDialerAnnotatedCallLog,"""Voicemail Transcription""",voicemail_transcription,
googleDialer,googleDialerPhoneLookupHistory,"""Last Modified""",last_modified,datetime
googleDialer,googleDialerPhoneLookupHistory,"""Number""",number,phonenumber
googleDialer,googleDialerPhoneLookupHistory,"""Contact Name""",contact_name,
googleDialer,googleDialerPhoneLookupHistory,"""Number Label""",number_label,
googleDialer,googleDialerPhoneLookupHistory,"""CNAP Name""",cnap_name,
googleDialer,googleDialerPhoneLookupHistory,"""Location Info""",location_info,
googleDialer,googleDialerPhoneLookupHistory,"""Contact Lookup URI""",contact_lookup_uri,
googleDialer,googleDialerSmartdial,"""Display Name""",display_name,
googleDialer,googleDialerSmartdial,"""Phone Number""",phone_number,phonenumber
googleDialer,googleDialerSmartdial,"""Normalized Number""",normalized_number,phonenumber
googleDialer,googleDialerSmartdial,"""Contact ID""",contact_id,
googleDialer,googleDialerSmartdial,"""Last Update Time""",last_update_time,datetime
googleDialer,googleDialerSmartdial,"""Last Time Used""",last_time_used,datetime
googleDialer,googleDialerSmartdial,"""Times Used""",times_used,
googleDialer,googleDialerSmartdial,"""Starred""",starred,
googleDialer,googleDialerCachedNumberContacts,"""Time Last Updated""",time_last_updated,datetime
googleDialer,googleDialerCachedNumberContacts,"""Number""",number,phonenumber
googleDialer,googleDialerCachedNumberContacts,"""Normalized Number""",normalized_number,phonenumber
googleDialer,googleDialerCachedNumberContacts,"""Display Name""",display_name,
googleDialer,googleDialerCachedNumberContacts,"""Phone Label""",phone_label,
googleDialer,googleDialerCachedNumberContacts,"""Source Name""",source_name,
googleDialer,googleDialerCachedNumberContacts,"""Photo URI""",photo_uri,
googleDialer,googleDialerCachedNumberContacts,"""Lookup Key""",lookup_key,
calllogs,get_calllogs,"""from_id""",from_id,
calllogs,get_calllogs,"""to_id""",to_id,
calllogs,get_calllogs,"""start_date""",start_date,datetime
calllogs,get_calllogs,"""end_date""",end_date,datetime
calllogs,get_calllogs,"""direction""",direction,
calllogs,get_calllogs,"""call_type""",call_type,
calllogs,get_calllogs,"""number""",number,phonenumber
calllogs,get_calllogs,"""name""",name,
playgroundVault,get_playgroundVault,"""Media""",media,media
playgroundVault,get_playgroundVault,"""Filename""",filename,
playgroundVault,get_playgroundVault,"""Encrypted On Timestamp""",encrypted_on_timestamp,datetime
playgroundVault,get_playgroundVault,"""Full Path""",full_path,
browserCachefirefox,get_browserCachefirefox,"""Timestamp Modified""",timestamp_modified,datetime
browserCachefirefox,get_browserCachefirefox,"""Filename""",filename,
browserCachefirefox,get_browserCachefirefox,"""Mime Type""",mime_type,
browserCachefirefox,get_browserCachefirefox,"""Cached File""",cached_file,media
browserCachefirefox,get_browserCachefirefox,"""Source URL""",source_url,
browserCachefirefox,get_browserCachefirefox,"""Source""",source,
ChessComFriends,get_ChessComFriends,"""ID""",id,
ChessComFriends,get_ChessComFriends,"""Username""",username,
ChessComFriends,get_ChessComFriends,"""First Name""",first_name,
ChessComFriends,get_ChessComFriends,"""Last Name""",last_name,
ChessComFriends,get_ChessComFriends,"""Last Login""",last_login,datetime
siminfo,get_siminfo,"""User ID""",user_id,
siminfo,get_siminfo,"""Number""",number,phonenumber
siminfo,get_siminfo,"""IMSI""",imsi,
siminfo,get_siminfo,"""Display Name""",display_name,
siminfo,get_siminfo,"""Carrier Name""",carrier_name,
siminfo,get_siminfo,"""ISO Code""",iso_code,
siminfo,get_siminfo,"""Carrier ID""",carrier_id,
siminfo,get_siminfo,"""ICC ID""",icc_id,
appLockerfishingnet,get_appLockerfishingnet,"""Media""",media,media
appLockerfishingnet,get_appLockerfishingnet,"""Filename""",filename,
appLockerfishingnet,get_appLockerfishingnet,"""Decrypted?""",decrypted,
appLockerfishingnet,get_appLockerfishingnet,"""Full Path""",full_path,
GarminLog,get_log,"""Name""",name,
GarminLog,get_log,"""Value""",value,
samsungSecureFolderHistoryLog,samsungSecureFolderHistoryLog,"""Event""",event,
samsungSecureFolderHistoryLog,samsungSecureFolderHistoryLog,"""Status""",status,
samsungSecureFolderHistoryLog,samsungSecureFolderHistoryLog,"""Status Note""",status_note,
samsungSecureFolderHistoryLog,samsungSecureFolderHistoryLog,"""Request Time""",request_time,
samsungSecureFolderHistoryLog,samsungSecureFolderHistoryLog,"""Result Time""",result_time,
samsungSecureFolderHistoryLog,samsungSecureFolderHistoryLog,"""Duration""",duration,
samsungSecureFolderHistoryLog,samsungSecureFolderHistoryLog,"""Source App""",source_app,
samsungSecureFolderHistoryLog,samsungSecureFolderHistoryLog,"""Direction""",direction,
samsungSecureFolderHistoryLog,samsungSecureFolderHistoryLog,"""Requested Count""",requested_count,
samsungSecureFolderHistoryLog,samsungSecureFolderHistoryLog,"""Moved Count""",moved_count,
samsungSecureFolderHistoryLog,samsungSecureFolderHistoryLog,"""Source Path""",source_path,
samsungSecureFolderHistoryLog,samsungSecureFolderHistoryLog,"""Transferred Path""",transferred_path,
samsungSecureFolderHistoryLog,samsungSecureFolderHistoryLog,"""Source Path Note""",source_path_note,
samsungSecureFolderHistoryLog,samsungSecureFolderHistoryLog,"""Warnings""",warnings,
samsungSecureFolderHistoryLog,samsungSecureFolderHistoryLog,"""Source DB""",source_db,
imo,get_imo_account,"""Account ID""",account_id,
imo,get_imo_account,"""Name""",name,
imo,get_imo_messages,"""Timestamp""",timestamp,datetime
imo,get_imo_messages,"""From ID""",from_id,
imo,get_imo_messages,"""To ID""",to_id,
imo,get_imo_messages,"""Last Message""",last_message,
imo,get_imo_messages,"""Direction""",direction,
imo,get_imo_messages,"""Message Read""",message_read,
imo,get_imo_messages,"""Attachment""",attachment,
imo,get_imo_messages,"""Chat Partner""",chat_partner,
bumble,get_bumble,"""User Name""",user_name,
bumble,get_bumble,"""Email""",email,
bumble,get_bumble,"""Phone""",phone,
bumble,get_bumble,"""ID""",id,
bumble,get_bumble,"""Age""",age,
bumble,get_bumble,"""Birthdate""",birthdate,
bumble,get_bumble,"""City""",city,
bumble,get_bumble,"""Country""",country,
bumble,get_bumble,"""Occupation""",occupation,
bumble,get_bumble,"""Education""",education,
bumble,get_bumble,"""About""",about,
bumble,get_bumble_messages,"""Created Timestamp""",created_timestamp,datetime
bumble,get_bumble_messages,"""Modified Timestamp""",modified_timestamp,datetime
bumble,get_bumble_messages,"""Sender ID""",sender_id,
bumble,get_bumble_messages,"""Sender Name""",sender_name,
bumble,get_bumble_messages,"""Recipient ID""",recipient_id,
bumble,get_bumble_messages,"""Recipient Name""",recipient_name,
bumble,get_bumble_messages,"""Message Text""",message_text,
bumble,get_bumble_messages,"""Message URL""",message_url,
bumble,get_bumble_messages,"""Message Type""",message_type,
bumble,get_bumble_messages,"""Message Direction""",message_direction,
bumble,get_bumble_messages,"""Conversation ID""",conversation_id,
bumble,get_bumble_messages,"""Message ID""",message_id,
bumble,get_bumble_matches,"""User Name""",user_name,
bumble,get_bumble_matches,"""Age""",age,
bumble,get_bumble_matches,"""Gender""",gender,
bumble,get_bumble_matches,"""Mode""",mode,
bumble,get_bumble_matches,"""Profile Image URL""",profile_image_url,
bumble,get_bumble_matches,"""User ID""",user_id,
bumble,get_bumble_matches,"""Encrypted User ID""",encrypted_user_id,
shistorylog,history_log,"""Timestamp""",timestamp,datetime
shistorylog,history_log,"""ID""",id,
shistorylog,history_log,"""Tag""",tag,
shistorylog,history_log,"""Message""",message,
runtimePerms,get_runtimePerms,"""User""",user,
runtimePerms,get_runtimePerms,"""Type""",type,
runtimePerms,get_runtimePerms,"""Name""",name,
runtimePerms,get_runtimePerms,"""Permission""",permission,
runtimePerms,get_runtimePerms,"""Granted?""",granted,
runtimePerms,get_runtimePerms,"""Flag""",flag,
BashHistory,bashHistory,"""Entry Order""",entry_order,
BashHistory,bashHistory,"""Command""",command,
L360user,Life360_User,"""Key""",key,
L360user,Life360_User,"""Value""",value,
smanagerCrash,get_smanagerCrash,"""Timestamp""",timestamp,datetime
smanagerCrash,get_smanagerCrash,"""Package Name""",package_name,
pikpakPlay,get_pikpakPlay,"""Last Play Timestamp""",last_play_timestamp,datetime
pikpakPlay,get_pikpakPlay,"""Duration""",duration,
pikpakPlay,get_pikpakPlay,"""Played Time""",played_time,
pikpakPlay,get_pikpakPlay,"""Max Played Time""",max_played_time,
pikpakPlay,get_pikpakPlay,"""Name""",name,
vlcMedia,get_vlcMedia,"""Insertion Date""",insertion_date,datetime
vlcMedia,get_vlcMedia,"""Last Played Date""",last_played_date,datetime
vlcMedia,get_vlcMedia,"""Filename""",filename,
vlcMedia,get_vlcMedia,"""Path""",path,
vlcMedia,get_vlcMedia,"""Is Favorite?""",is_favorite,
libretorrent,get_libretorrent,"""Timestamp""",timestamp,datetime
libretorrent,get_libretorrent,"""ID""",id,
libretorrent,get_libretorrent,"""Name""",name,
libretorrent,get_libretorrent,"""Download Path""",download_path,
libretorrent,get_libretorrent,"""Error""",error,
libretorrent,get_libretorrent,"""Manually Paused""",manually_paused,
libretorrent,get_libretorrent,"""Magnet""",magnet,
libretorrent,get_libretorrent,"""Downloading Metadata""",downloading_metadata,
libretorrent,get_libretorrent,"""Visibility""",visibility,
airtagAndroid,airtagAlerts,"""Creation Timestamp""",creation_timestamp,datetime
airtagAndroid,airtagAlerts,"""Last Updated Timestamp""",last_updated_timestamp,datetime
airtagAndroid,airtagAlerts,"""MAC Address""",mac_address,
airtagAndroid,airtagAlerts,"""Device Type""",device_type,
airtagAndroid,airtagAlerts,"""Optional Device Data""",optional_device_data,
airtagAndroid,airtagAlerts,"""Alert Life Cycle ID""",alert_life_cycle_id,
airtagAndroid,airtagAlerts,"""Alert Status""",alert_status,
airtagAndroid,airtagScans,"""Creation Timestamp""",creation_timestamp,datetime
airtagAndroid,airtagScans,"""Last Updated Timestamp""",last_updated_timestamp,datetime
airtagAndroid,airtagScans,"""MAC Address""",mac_address,
airtagAndroid,airtagScans,"""State""",state,
airtagAndroid,airtagScans,"""Possible RSSI""",possible_rssi,
airtagAndroid,airtagScans,"""Latitude""",latitude,
airtagAndroid,airtagScans,"""Longitude""",longitude,
airtagAndroid,airtagLastScan,"""Timestamp""",timestamp,datetime
airtagAndroid,airtagPassiveScan,"""Passive Scan""",passive_scan,
torrentinfo,get_torrentinfo,"""File""",file,
torrentinfo,get_torrentinfo,"""InfoHash""",infohash,
torrentinfo,get_torrentinfo,"""Data""",data,
usagestatsVersion,usagestatsVersion,"""Property""",property,
usagestatsVersion,usagestatsVersion,"""Property Value""",property_value,
groupMe,get_groupMe,"""Group Creation Time""",group_creation_time,datetime
groupMe,get_groupMe,"""Group Name""",group_name,
groupMe,get_groupMe,"""Group Type""",group_type,
groupMe,get_groupMe,"""Group Creator""",group_creator,
groupMe,get_groupMe,"""Creator Role""",creator_role,
groupMe,get_groupMe,"""Message Count (stored)""",message_count_stored,
groupMe,get_groupMe,"""Attachment Count (stored)""",attachment_count_stored,
groupMe,get_groupMe,"""Time of Last Message in Group""",time_of_last_message_in_group,datetime
groupMe,get_groupMe,"""Time Group Last Updated""",time_group_last_updated,datetime
groupMe,get_groupMe_chat,"""Message Time""",message_time,datetime
groupMe,get_groupMe_chat,"""Group Name""",group_name,
groupMe,get_groupMe_chat,"""Message Sender""",message_sender,
groupMe,get_groupMe_chat,"""Message Sender Type""",message_sender_type,
groupMe,get_groupMe_chat,"""Is System Message""",is_system_message,
groupMe,get_groupMe_chat,"""Message Is Hidden""",message_is_hidden,
groupMe,get_groupMe_chat,"""Message Is Read""",message_is_read,
groupMe,get_groupMe_chat,"""Message""",message,
groupMe,get_groupMe_chat,"""Picture URL""",picture_url,
groupMe,get_groupMe_chat,"""Picture URI""",picture_uri,
groupMe,get_groupMe_chat,"""Picture Width""",picture_width,
groupMe,get_groupMe_chat,"""Picture Height""",picture_height,
groupMe,get_groupMe_chat,"""Picture Is GIF""",picture_is_gif,
groupMe,get_groupMe_chat,"""Video URL""",video_url,
groupMe,get_groupMe_chat,"""Message Latitude""",message_latitude,
groupMe,get_groupMe_chat,"""Message Longitude""",message_longitude,
groupMe,get_groupMe_chat,"""Location Name""",location_name,
googleMapsGmm,get_googleMapsGmm,"""Directions URL""",directions_url,
googleMapsGmm,get_googleMapsGmm,"""Latitude""",latitude,
googleMapsGmm,get_googleMapsGmm,"""Longitude""",longitude,
googleMapsGmm,get_googleMapsGmm,"""To Latitude""",to_latitude,
googleMapsGmm,get_googleMapsGmm,"""To Longitude""",to_longitude,
googleMapsGmm,get_googleMapsGmm,"""Row ID""",row_id,
googleMapsGmm,get_googleMapsGmm,"""Type""",type,
googleMapsGmm,get_googleMapsGmm_places,"""Timestamp""",timestamp,datetime
googleMapsGmm,get_googleMapsGmm_places,"""Label""",label,
googleMapsGmm,get_googleMapsGmm_places,"""Latitude""",latitude,
googleMapsGmm,get_googleMapsGmm_places,"""Longitude""",longitude,
googleMapsGmm,get_googleMapsGmm_places,"""Address""",address,
googleMapsGmm,get_googleMapsGmm_places,"""URL""",url,
googleIcingContacts,gmsIcingContacts,"""Last Updated""",last_updated,datetime
googleIcingContacts,gmsIcingContacts,"""Contact ID""",contact_id,
googleIcingContacts,gmsIcingContacts,"""Display Name""",display_name,
googleIcingContacts,gmsIcingContacts,"""Given Names""",given_names,
googleIcingContacts,gmsIcingContacts,"""Nickname""",nickname,
googleIcingContacts,gmsIcingContacts,"""Organization""",organization,
googleIcingContacts,gmsIcingContacts,"""Note""",note,
googleIcingContacts,gmsIcingContacts,"""Emails""",emails,
googleIcingContacts,gmsIcingContacts,"""Phone Numbers""",phone_numbers,
googleIcingContacts,gmsIcingContacts,"""Postal Address""",postal_address,
googleIcingContacts,gmsIcingContacts,"""Times Contacted""",times_contacted,
googleIcingContacts,gmsIcingContacts,"""Starred""",starred,
googleIcingContacts,gmsIcingContacts,"""Lookup Key""",lookup_key,
googleIcingContacts,gmsIcingContactMethods,"""Display Name""",display_name,
googleIcingContacts,gmsIcingContactMethods,"""Kind""",kind,
googleIcingContacts,gmsIcingContactMethods,"""Value""",value,
googleIcingContacts,gmsIcingContactMethods,"""Label""",label,
googleIcingContacts,gmsIcingContactMethods,"""Type""",type,
googleIcingContacts,gmsIcingContactMethods,"""Contact ID""",contact_id,
life360DriverBehavior,get_TripEvents,"""Timestamp""",timestamp,datetime
life360DriverBehavior,get_TripEvents,"""Event Type""",event_type,
life360DriverBehavior,get_TripEvents,"""Latitude""",latitude,
life360DriverBehavior,get_TripEvents,"""Longitude""",longitude,
life360DriverBehavior,get_TripEvents,"""Speed (as stored)""",speed_as_stored,
life360DriverBehavior,get_TripEvents,"""Speed MPH (assumes m/s)""",speed_mph_assumes_ms,
life360DriverBehavior,get_TripEvents,"""Top Speed (as stored)""",top_speed_as_stored,
life360DriverBehavior,get_TripEvents,"""Top Speed MPH (assumes m/s)""",top_speed_mph_assumes_ms,
life360DriverBehavior,get_TripEvents,"""Average Speed (as stored)""",average_speed_as_stored,
life360DriverBehavior,get_TripEvents,"""Average Speed MPH (assumes m/s)""",average_speed_mph_assumes_ms,
life360DriverBehavior,get_TripEvents,"""Distance (as stored)""",distance_as_stored,
life360DriverBehavior,get_TripEvents,"""Trip ID""",trip_id,
life360DriverBehavior,get_TripWaypoints,"""Latitude""",latitude,
life360DriverBehavior,get_TripWaypoints,"""Longitude""",longitude,
life360DriverBehavior,get_TripWaypoints,"""Accuracy (as stored)""",accuracy_as_stored,
life360DriverBehavior,get_TripWaypoints,"""Trip ID""",trip_id,
Deepseek_ChatMessages,deepseek_chat_messages,"""Timestamp""",timestamp,datetime
Deepseek_ChatMessages,deepseek_chat_messages,"""Chat Table""",chat_table,
Deepseek_ChatMessages,deepseek_chat_messages,"""Inserted At (UTC)""",inserted_at_utc,
Deepseek_ChatMessages,deepseek_chat_messages,"""Role""",role,
Deepseek_ChatMessages,deepseek_chat_messages,"""Message Content""",message_content,
blueskysearches,get_blueskysearches,"""Searches""",searches,
battery_usage_v4,get_battery_usage_v4,"""Timestamp""",timestamp,datetime
battery_usage_v4,get_battery_usage_v4,"""Application""",application,
battery_usage_v4,get_battery_usage_v4,"""Package Name""",package_name,
battery_usage_v4,get_battery_usage_v4,"""Hidden""",hidden,
battery_usage_v4,get_battery_usage_v4,"""Boot Timestamp""",boot_timestamp,datetime
battery_usage_v4,get_battery_usage_v4,"""Timezone""",timezone,
battery_usage_v4,get_battery_usage_v4,"""Total Power""",total_power,
battery_usage_v4,get_battery_usage_v4,"""Consumed Power""",consumed_power,
battery_usage_v4,get_battery_usage_v4,"""% Of Consumed""",_of_consumed,
battery_usage_v4,get_battery_usage_v4,"""Foreground Usage (Seconds)""",foreground_usage_seconds,
battery_usage_v4,get_battery_usage_v4,"""Background Usage (Seconds)""",background_usage_seconds,
battery_usage_v4,get_battery_usage_v4,"""Battery Level (%)""",battery_level_,
battery_usage_v4,get_battery_usage_v4,"""Battery Status""",battery_status,
suggestions,get_suggestions,"""Timestamp""",timestamp,datetime
suggestions,get_suggestions,"""Name""",name,
pkgPredictions,get_pkgPredictions,"""Launch Timestamp""",launch_timestamp,datetime
pkgPredictions,get_pkgPredictions,"""Running Package""",running_package,
pkgPredictions,get_pkgPredictions,"""APK Version""",apk_version,
pkgPredictions,get_pkgPredictions,"""Activity Name""",activity_name,
pkgPredictions,get_pkgPredictions,"""Previous Launch (1)""",previous_launch_1,
pkgPredictions,get_pkgPredictions,"""Previous Launch (2)""",previous_launch_2,
pkgPredictions,get_pkgPredictions,"""Previous Launch (3)""",previous_launch_3,
pkgPredictions,get_pkgPredictions,"""Screen Orientation""",screen_orientation,
pkgPredictions,get_pkgPredictions,"""Wifi Status""",wifi_status,
pkgPredictions,get_pkgPredictions,"""Bluetooth Status""",bluetooth_status,
pkgPredictions,get_pkgPredictions,"""Hour of Launch (Local)""",hour_of_launch_local,
pkgPredictions,get_pkgPredictions,"""Day of Launch""",day_of_launch,
pkgPredictions,get_pkgPredictions,"""Prediction""",prediction,
pkgPredictions,get_pkgPredictions,"""Predict Time""",predict_time,
pkgPredictions,get_pkgPredictions,"""User ID""",user_id,
pkgPredictions,get_pkgPredictions,"""ID""",id,
AdidasUser,get_adidas_user,"""ID""",id,
AdidasUser,get_adidas_user,"""Name""",name,
AdidasUser,get_adidas_user,"""Height""",height,
AdidasUser,get_adidas_user,"""Weight""",weight,
AdidasUser,get_adidas_user,"""Country""",country,
AdidasUser,get_adidas_user,"""Gender""",gender,
AdidasUser,get_adidas_user,"""Email""",email,
AdidasUser,get_adidas_user,"""Created At""",created_at,datetime
AdidasUser,get_adidas_user,"""Image""",image,
AdidasUser,get_adidas_user,"""My Fitness Pal""",my_fitness_pal,
AdidasUser,get_adidas_user,"""Garmin Connect""",garmin_connect,
AdidasUser,get_adidas_user,"""Polar""",polar,
AdidasUser,get_adidas_user,"""LastSync""",lastsync,datetime
BadooChat,get_badoo_chat,"""User ID""",user_id,
BadooChat,get_badoo_chat,"""Gender""",gender,
BadooChat,get_badoo_chat,"""User Name""",user_name,
BadooChat,get_badoo_chat,"""User Image URL""",user_image_url,
BadooChat,get_badoo_chat,"""Age""",age,
BadooChat,get_badoo_chat,"""User Photos""",user_photos,
BadooChat,get_badoo_chat,"""Work""",work,
BadooChat,get_badoo_chat,"""Education""",education,
BadooChat,get_badoo_chat,"""Encrypted User ID""",encrypted_user_id,
BadooChat,get_badoo_messages,"""Timestamp""",timestamp,datetime
BadooChat,get_badoo_messages,"""Conversation With""",conversation_with,
BadooChat,get_badoo_messages,"""Sender ID""",sender_id,
BadooChat,get_badoo_messages,"""Recipient ID""",recipient_id,
BadooChat,get_badoo_messages,"""Type""",type,
BadooChat,get_badoo_messages,"""Message""",message,
settingsGlobalSystem,get_settingsGlobal,"""User""",user,
settingsGlobalSystem,get_settingsGlobal,"""Name""",name,
settingsGlobalSystem,get_settingsGlobal,"""Value""",value,
settingsGlobalSystem,get_settingsGlobal,"""Package""",package,
settingsGlobalSystem,get_settingsSystem,"""User""",user,
settingsGlobalSystem,get_settingsSystem,"""Name""",name,
settingsGlobalSystem,get_settingsSystem,"""Value""",value,
settingsGlobalSystem,get_settingsSystem,"""Package""",package,
contacts,contacts,"""Mimetype""",mimetype,
contacts,contacts,"""Data 1""",data_1,
contacts,contacts,"""Display Name""",display_name,
contacts,contacts,"""Phone Number""",phone_number,
contacts,contacts,"""Email Address""",email_address,
contacts,contacts,"""Source File""",source_file,
airGuard,get_airGuard,"""Timestamp""",timestamp,datetime
airGuard,get_airGuard,"""Received Time""",received_time,datetime
airGuard,get_airGuard,"""Device MAC Address""",device_mac_address,
airGuard,get_airGuard,"""Latitude""",latitude,
airGuard,get_airGuard,"""Longitude""",longitude,
airGuard,get_airGuard,"""Signal Strength (RSSI)""",signal_strength_rssi,
airGuard,get_airGuard,"""Device Type""",device_type,
airGuard,get_airGuard,"""First Time Device Seen""",first_time_device_seen,datetime
airGuard,get_airGuard,"""Last Time User Notified""",last_time_user_notified,datetime
airGuard,get_airGuard_scans,"""Start Scan Timestamp""",start_scan_timestamp,datetime
airGuard,get_airGuard_scans,"""End Scan Timestamp""",end_scan_timestamp,datetime
airGuard,get_airGuard_scans,"""Duration (Seconds)""",duration_seconds,
airGuard,get_airGuard_scans,"""Devices Found""",devices_found,
airGuard,get_airGuard_scans,"""Manual Scan?""",manual_scan,
airGuard,get_airGuard_scans,"""Scan Mode""",scan_mode,
smyfilesTrash,get_smyfiles_trash,"""Media""",media,media
smyfilesTrash,get_smyfiles_trash,"""Record Path""",record_path,
smyfilesTrash,get_smyfiles_trash,"""Account""",account,
smyfilesTrash,get_smyfiles_trash,"""Marked for Deletion Timestamp""",marked_for_deletion_timestamp,datetime
smyfilesTrash,get_smyfiles_trash,"""Original Location""",original_location,
smyfilesTrash,get_smyfiles_trash,"""File/Folder Marked For Deletion""",filefolder_marked_for_deletion,
smyfilesTrash,get_smyfiles_trash,"""Contents of Folder Marked for Deletion""",contents_of_folder_marked_for_deletion,
wifiConfigstore2,get_wifiConfigstore,"""ConfigKey""",configkey,
wifiConfigstore2,get_wifiConfigstore,"""SSID""",ssid,
wifiConfigstore2,get_wifiConfigstore,"""BSSID""",bssid,
wifiConfigstore2,get_wifiConfigstore,"""PreSharedKey""",presharedkey,
wifiConfigstore2,get_wifiConfigstore,"""WEPKeys""",wepkeys,
wifiConfigstore2,get_wifiConfigstore,"""HiddenSSID""",hiddenssid,
wifiConfigstore2,get_wifiConfigstore,"""RandomizedMacAddress""",randomizedmacaddress,
wifiConfigstore2,get_wifiConfigstore,"""CreatorName""",creatorname,
wifiConfigstore2,get_wifiConfigstore,"""CreationTime""",creationtime,
wifiConfigstore2,get_wifiConfigstore,"""ConnectChoice""",connectchoice,
wifiConfigstore2,get_wifiConfigstore,"""ConnectChoiceTimeStamp""",connectchoicetimestamp,datetime
wifiConfigstore2,get_wifiConfigstore,"""HasEverConnected""",haseverconnected,
wifiConfigstore2,get_wifiConfigstore,"""IpAssignment""",ipassignment,
wifiConfigstore2,get_wifiConfigstore,"""ProxySettings""",proxysettings,
K9Mail,get_k9mail_accounts,"""Internal Account UUID""",internal_account_uuid,
K9Mail,get_k9mail_accounts,"""Mail-Address""",mailaddress,
K9Mail,get_k9mail_accounts,"""Name""",name,
K9Mail,get_k9mail_accounts,"""Username""",username,
K9Mail,get_k9mail_accounts,"""Password""",password,
K9Mail,get_k9mail_accounts,"""Last Sync Time""",last_sync_time,datetime
K9Mail,get_k9mail_accounts,"""Incoming Server""",incoming_server,
K9Mail,get_k9mail_accounts,"""Outgoing Server""",outgoing_server,
K9Mail,get_k9mail_accounts,"""Incoming Server Settings""",incoming_server_settings,
K9Mail,get_k9mail_accounts,"""Outgoing Server Settings""",outgoing_server_settings,
K9Mail,get_k9mail_messages,"""Account""",account,
K9Mail,get_k9mail_messages,"""Date Sent""",date_sent,datetime
K9Mail,get_k9mail_messages,"""Folder""",folder,
K9Mail,get_k9mail_messages,"""Subject""",subject,
K9Mail,get_k9mail_messages,"""Message Preview""",message_preview,
K9Mail,get_k9mail_messages,"""From Address""",from_address,
K9Mail,get_k9mail_messages,"""To Address""",to_address,
K9Mail,get_k9mail_messages,"""CC""",cc,
K9Mail,get_k9mail_messages,"""BCC""",bcc,
K9Mail,get_k9mail_messages,"""Reply To""",reply_to,
K9Mail,get_k9mail_messages,"""# of Attachments""",_of_attachments,
K9Mail,get_k9mail_messages,"""Content""",content,
K9Mail,get_k9mail_messages,"""Date Received""",date_received,datetime
K9Mail,get_k9mail_messages,"""Deleted""",deleted,
K9Mail,get_k9mail_messages,"""Read""",read,
K9Mail,get_k9mail_messages,"""Flagged""",flagged,
K9Mail,get_k9mail_messages,"""Answered""",answered,
K9Mail,get_k9mail_messages,"""Forwarded""",forwarded,
K9Mail,get_k9mail_messages,"""Header""",header,
emulatedSmeta,get_emulatedSmeta,"""Key Timestamp""",key_timestamp,datetime
emulatedSmeta,get_emulatedSmeta,"""Date Added""",date_added,datetime
emulatedSmeta,get_emulatedSmeta,"""Date Modified""",date_modified,datetime
emulatedSmeta,get_emulatedSmeta,"""Date Taken""",date_taken,datetime
emulatedSmeta,get_emulatedSmeta,"""Path""",path,
emulatedSmeta,get_emulatedSmeta,"""Title""",title,
emulatedSmeta,get_emulatedSmeta,"""Display Name""",display_name,
emulatedSmeta,get_emulatedSmeta,"""Size""",size,
emulatedSmeta,get_emulatedSmeta,"""Owner Package Name""",owner_package_name,
emulatedSmeta,get_emulatedSmeta,"""Bucket Display Name""",bucket_display_name,
emulatedSmeta,get_emulatedSmeta,"""Referer URI""",referer_uri,
emulatedSmeta,get_emulatedSmeta,"""Download URI""",download_uri,
emulatedSmeta,get_emulatedSmeta,"""Relative Path""",relative_path,
emulatedSmeta,get_emulatedSmeta,"""Is Downloaded?""",is_downloaded,
emulatedSmeta,get_emulatedSmeta,"""Is Favorited?""",is_favorited,
emulatedSmeta,get_emulatedSmeta,"""Is Trashed?""",is_trashed,
emulatedSmeta,get_emulatedSmeta,"""XMP""",xmp,
emulatedSmeta,get_emulatedSmeta_images,"""Key Timestamp""",key_timestamp,datetime
emulatedSmeta,get_emulatedSmeta_images,"""Date Added""",date_added,datetime
emulatedSmeta,get_emulatedSmeta_images,"""Date Modified""",date_modified,datetime
emulatedSmeta,get_emulatedSmeta_images,"""Date Taken""",date_taken,datetime
emulatedSmeta,get_emulatedSmeta_images,"""Path""",path,
emulatedSmeta,get_emulatedSmeta_images,"""Title""",title,
emulatedSmeta,get_emulatedSmeta_images,"""Display Name""",display_name,
emulatedSmeta,get_emulatedSmeta_images,"""Size""",size,
emulatedSmeta,get_emulatedSmeta_images,"""Latitude""",latitude,
emulatedSmeta,get_emulatedSmeta_images,"""Longitude""",longitude,
emulatedSmeta,get_emulatedSmeta_images,"""Orientation""",orientation,
emulatedSmeta,get_emulatedSmeta_images,"""Owner Package Name""",owner_package_name,
emulatedSmeta,get_emulatedSmeta_images,"""Bucket Display Name""",bucket_display_name,
emulatedSmeta,get_emulatedSmeta_images,"""Relative Path""",relative_path,
emulatedSmeta,get_emulatedSmeta_images,"""Is Downloaded?""",is_downloaded,
emulatedSmeta,get_emulatedSmeta_images,"""Is Favorited?""",is_favorited,
emulatedSmeta,get_emulatedSmeta_images,"""Is Trashed?""",is_trashed,
emulatedSmeta,get_emulatedSmeta_files,"""Key Timestamp""",key_timestamp,datetime
emulatedSmeta,get_emulatedSmeta_files,"""Date Added""",date_added,datetime
emulatedSmeta,get_emulatedSmeta_files,"""Date Modified""",date_modified,datetime
emulatedSmeta,get_emulatedSmeta_files,"""Date Taken""",date_taken,datetime
emulatedSmeta,get_emulatedSmeta_files,"""Path""",path,
emulatedSmeta,get_emulatedSmeta_files,"""Title""",title,
emulatedSmeta,get_emulatedSmeta_files,"""Display Name""",display_name,
emulatedSmeta,get_emulatedSmeta_files,"""Size""",size,
emulatedSmeta,get_emulatedSmeta_files,"""Latitude""",latitude,
emulatedSmeta,get_emulatedSmeta_files,"""Longitude""",longitude,
emulatedSmeta,get_emulatedSmeta_files,"""Orientation""",orientation,
emulatedSmeta,get_emulatedSmeta_files,"""Owner Package Name""",owner_package_name,
emulatedSmeta,get_emulatedSmeta_files,"""Bucket Display Name""",bucket_display_name,
emulatedSmeta,get_emulatedSmeta_files,"""Referer URI""",referer_uri,
emulatedSmeta,get_emulatedSmeta_files,"""Download URI""",download_uri,
emulatedSmeta,get_emulatedSmeta_files,"""Relative Path""",relative_path,
emulatedSmeta,get_emulatedSmeta_files,"""Is Downloaded?""",is_downloaded,
emulatedSmeta,get_emulatedSmeta_files,"""Is Favorited?""",is_favorited,
emulatedSmeta,get_emulatedSmeta_files,"""Is Trashed?""",is_trashed,
emulatedSmeta,get_emulatedSmeta_videos,"""Key Timestamp""",key_timestamp,datetime
emulatedSmeta,get_emulatedSmeta_videos,"""Date Added""",date_added,datetime
emulatedSmeta,get_emulatedSmeta_videos,"""Date Modified""",date_modified,datetime
emulatedSmeta,get_emulatedSmeta_videos,"""Date Taken""",date_taken,datetime
emulatedSmeta,get_emulatedSmeta_videos,"""Path""",path,
emulatedSmeta,get_emulatedSmeta_videos,"""Title""",title,
emulatedSmeta,get_emulatedSmeta_videos,"""Display Name""",display_name,
emulatedSmeta,get_emulatedSmeta_videos,"""Size""",size,
emulatedSmeta,get_emulatedSmeta_videos,"""Latitude""",latitude,
emulatedSmeta,get_emulatedSmeta_videos,"""Longitude""",longitude,
emulatedSmeta,get_emulatedSmeta_videos,"""Orientation""",orientation,
emulatedSmeta,get_emulatedSmeta_videos,"""Owner Package Name""",owner_package_name,
emulatedSmeta,get_emulatedSmeta_videos,"""Bucket Display Name""",bucket_display_name,
emulatedSmeta,get_emulatedSmeta_videos,"""Relative Path""",relative_path,
emulatedSmeta,get_emulatedSmeta_videos,"""Is Downloaded?""",is_downloaded,
emulatedSmeta,get_emulatedSmeta_videos,"""Is Favorited?""",is_favorited,
emulatedSmeta,get_emulatedSmeta_videos,"""Is Trashed?""",is_trashed,
emulatedSmeta,get_emulatedSmeta_audio,"""Key Timestamp""",key_timestamp,datetime
emulatedSmeta,get_emulatedSmeta_audio,"""Date Added""",date_added,datetime
emulatedSmeta,get_emulatedSmeta_audio,"""Date Modified""",date_modified,datetime
emulatedSmeta,get_emulatedSmeta_audio,"""Date Taken""",date_taken,datetime
emulatedSmeta,get_emulatedSmeta_audio,"""Path""",path,
emulatedSmeta,get_emulatedSmeta_audio,"""Title""",title,
emulatedSmeta,get_emulatedSmeta_audio,"""Display Name""",display_name,
emulatedSmeta,get_emulatedSmeta_audio,"""Size""",size,
emulatedSmeta,get_emulatedSmeta_audio,"""Owner Package Name""",owner_package_name,
emulatedSmeta,get_emulatedSmeta_audio,"""Bucket Display Name""",bucket_display_name,
emulatedSmeta,get_emulatedSmeta_audio,"""Relative Path""",relative_path,
emulatedSmeta,get_emulatedSmeta_audio,"""Is Downloaded?""",is_downloaded,
emulatedSmeta,get_emulatedSmeta_audio,"""Is Favorited?""",is_favorited,
emulatedSmeta,get_emulatedSmeta_audio,"""Is Trashed?""",is_trashed,
emulatedSmeta,get_emulatedSmeta_files_legacy,"""Timestamp Added""",timestamp_added,datetime
emulatedSmeta,get_emulatedSmeta_files_legacy,"""Timestamp Modified""",timestamp_modified,datetime
emulatedSmeta,get_emulatedSmeta_files_legacy,"""Timestamp Taken""",timestamp_taken,datetime
emulatedSmeta,get_emulatedSmeta_files_legacy,"""Path""",path,
emulatedSmeta,get_emulatedSmeta_files_legacy,"""Title""",title,
emulatedSmeta,get_emulatedSmeta_files_legacy,"""Display Name""",display_name,
emulatedSmeta,get_emulatedSmeta_files_legacy,"""Size""",size,
emulatedSmeta,get_emulatedSmeta_files_legacy,"""Latitude""",latitude,
emulatedSmeta,get_emulatedSmeta_files_legacy,"""Longitude""",longitude,
emulatedSmeta,get_emulatedSmeta_files_legacy,"""Orientation""",orientation,
emulatedSmeta,get_emulatedSmeta_files_legacy,"""Bucket Display Name""",bucket_display_name,
emulatedSmeta,get_emulatedSmeta_files_legacy,"""Width""",width,
emulatedSmeta,get_emulatedSmeta_files_legacy,"""Height""",height,
emulatedSmeta,get_emulatedSmeta_files_legacy,"""ID""",id,
firefox,get_firefox_history,"""Last Visit Date""",last_visit_date,datetime
firefox,get_firefox_history,"""URL""",url,
firefox,get_firefox_history,"""Title""",title,
firefox,get_firefox_history,"""Visit Count""",visit_count,
firefox,get_firefox_history,"""Description""",description,
firefox,get_firefox_history,"""Hidden""",hidden,
firefox,get_firefox_history,"""Typed""",typed,
firefox,get_firefox_history,"""Frecency""",frecency,
firefox,get_firefox_history,"""Preview Image URL""",preview_image_url,
firefox,get_firefox_visits,"""Visit Date""",visit_date,datetime
firefox,get_firefox_visits,"""URL""",url,
firefox,get_firefox_visits,"""Title""",title,
firefox,get_firefox_visits,"""Visit ID""",visit_id,
firefox,get_firefox_visits,"""From Visit ID""",from_visit_id,
firefox,get_firefox_visits,"""Visit Type""",visit_type,
firefox,get_firefox_visits,"""Typed""",typed,
firefox,get_firefox_bookmarks,"""Added Timestamp""",added_timestamp,datetime
firefox,get_firefox_bookmarks,"""Modified Timestamp""",modified_timestamp,datetime
firefox,get_firefox_bookmarks,"""Title""",title,
firefox,get_firefox_bookmarks,"""URL""",url,
firefox,get_firefox_bookmarks,"""Bookmark Type""",bookmark_type,
firefox,get_firefox_bookmarks,"""ID""",id,
firefox,get_firefox_bookmarks,"""Parent""",parent,
firefox,get_firefox_bookmarks,"""Position""",position,
firefox,get_firefox_bookmarks,"""Sync Status""",sync_status,
firefox,get_firefox_searches,"""ID""",id,
firefox,get_firefox_searches,"""Search Term""",search_term,
androidauto,extract_android_auto,"""Connection Time""",connection_time,datetime
androidauto,extract_android_auto,"""Manufacturer""",manufacturer,
androidauto,extract_android_auto,"""Model""",model,
androidauto,extract_android_auto,"""Year""",year,
androidauto,extract_android_auto,"""Bluetooth MAC""",bluetooth_mac,
androidauto,extract_android_auto,"""Wi-Fi SSID""",wifi_ssid,
androidauto,extract_android_auto,"""Wi-Fi BSSID""",wifi_bssid,
androidauto,extract_android_auto,"""Wi-Fi Password""",wifi_password,
androidauto,extract_android_auto,"""Head Unit Make""",head_unit_make,
androidauto,extract_android_auto,"""Head Unit Model""",head_unit_model,
androidauto,extract_android_auto,"""Head Unit Software Version""",head_unit_software_version,
androidauto,extract_android_auto,"""Vehicle Client ID""",vehicle_client_id,
googleNowPlaying,get_googleNowPlaying,"""Timestamp""",timestamp,
googleNowPlaying,get_googleNowPlaying,"""Timezone""",timezone,
googleNowPlaying,get_googleNowPlaying,"""Song Title""",song_title,
googleNowPlaying,get_googleNowPlaying,"""Artist""",artist,
googleNowPlaying,get_googleNowPlaying,"""Duration""",duration,
googleNowPlaying,get_googleNowPlaying,"""Album""",album,
googleNowPlaying,get_googleNowPlaying,"""Album Year""",album_year,
batterystats,battery_stats_daily,"""Start Time""",start_time,datetime
batterystats,battery_stats_daily,"""End Time""",end_time,datetime
batterystats,battery_stats_daily,"""Step Type""",step_type,
batterystats,battery_stats_daily,"""Raw Step Content""",raw_step_content,
batterystats,battery_stats_daily,"""Content Prefix""",content_prefix,
batterystats,battery_stats_daily,"""Initial State""",initial_state,
batterystats,battery_stats_daily,"""Change Flags""",change_flags,
batterystats,battery_stats_daily,"""Prefix Meaning""",prefix_meaning,
batterystats,battery_stats_daily,"""Battery Level""",battery_level,
batterystats,battery_stats_daily,"""Time (ms)""",time_ms,
FairEmail,get_fair_mail_accounts,"""Creation Date""",creation_date,
FairEmail,get_fair_mail_accounts,"""Last Connected Date""",last_connected_date,
FairEmail,get_fair_mail_accounts,"""Account ID""",account_id,
FairEmail,get_fair_mail_accounts,"""Name""",name,
FairEmail,get_fair_mail_accounts,"""E-Mail Address""",email_address,
FairEmail,get_fair_mail_accounts,"""Display Name""",display_name,
FairEmail,get_fair_mail_accounts,"""Signature""",signature,
FairEmail,get_fair_mail_accounts,"""IMAP Server""",imap_server,
FairEmail,get_fair_mail_accounts,"""IMAP Port""",imap_port,
FairEmail,get_fair_mail_accounts,"""Username""",username,
FairEmail,get_fair_mail_accounts,"""Password""",password,
FairEmail,get_fair_mail_accounts,"""Account Name""",account_name,
FairEmail,get_fair_mail_contacts,"""First Contacted""",first_contacted,
FairEmail,get_fair_mail_contacts,"""Last Contacted""",last_contacted,
FairEmail,get_fair_mail_contacts,"""Contact ID""",contact_id,
FairEmail,get_fair_mail_contacts,"""Contact Display Name""",contact_display_name,
FairEmail,get_fair_mail_contacts,"""E-Mail Address""",email_address,
FairEmail,get_fair_mail_contacts,"""Times Contacted""",times_contacted,
FairEmail,get_fair_mail_contacts,"""Used Account Name""",used_account_name,
FairEmail,get_fair_mail_contacts,"""Used Account Username""",used_account_username,
FairEmail,get_fair_mail_messages,"""Date Received""",date_received,
FairEmail,get_fair_mail_messages,"""Date Sent""",date_sent,
FairEmail,get_fair_mail_messages,"""Date Stored""",date_stored,
FairEmail,get_fair_mail_messages,"""Mail Account""",mail_account,
FairEmail,get_fair_mail_messages,"""Folder""",folder,
FairEmail,get_fair_mail_messages,"""Sender Address""",sender_address,
FairEmail,get_fair_mail_messages,"""Sender Name""",sender_name,
FairEmail,get_fair_mail_messages,"""Recipient Address""",recipient_address,
FairEmail,get_fair_mail_messages,"""Recipient Name""",recipient_name,
FairEmail,get_fair_mail_messages,"""CC Address""",cc_address,
FairEmail,get_fair_mail_messages,"""CC Name""",cc_name,
FairEmail,get_fair_mail_messages,"""BCC Address""",bcc_address,
FairEmail,get_fair_mail_messages,"""BCC Name""",bcc_name,
FairEmail,get_fair_mail_messages,"""Return Path""",return_path,
FairEmail,get_fair_mail_messages,"""Subject""",subject,
FairEmail,get_fair_mail_messages,"""Preview""",preview,
FairEmail,get_fair_mail_messages,"""Content""",content,media
FairEmail,get_fair_mail_messages,"""Seen""",seen,
FairEmail,get_fair_mail_messages,"""Attachments""",attachments,media
FairEmail,get_fair_mail_messages,"""Infrastructure""",infrastructure,
samsungSleepDetection,samsungSleepScreenData,"""Time""",time,datetime
samsungSleepDetection,samsungSleepScreenData,"""Time Text (Device Local)""",time_text_device_local,
samsungSleepDetection,samsungSleepScreenData,"""Screen State""",screen_state,
samsungSleepDetection,samsungSleepScreenData,"""User Present""",user_present,
samsungSleepDetection,samsungSleepScreenData,"""Use Keyguard""",use_keyguard,
samsungSleepDetection,samsungSleepTime,"""Sleep Start""",sleep_start,datetime
samsungSleepDetection,samsungSleepTime,"""Sleep Start Text (Device Local)""",sleep_start_text_device_local,
samsungSleepDetection,samsungSleepTime,"""Sleep End""",sleep_end,datetime
samsungSleepDetection,samsungSleepTime,"""Sleep End Text (Device Local)""",sleep_end_text_device_local,
samsungSleepDetection,samsungSleepTime,"""Recorded""",recorded,datetime
samsungSleepDetection,samsungSleepTime,"""Recorded Text (Device Local)""",recorded_text_device_local,
samsungSleepDetection,samsungSleepTime,"""Ignore Sleep""",ignore_sleep,
googleConstellation,constellationSimVerifications,"""Verification Time""",verification_time,datetime
googleConstellation,constellationSimVerifications,"""Phone Number""",phone_number,phonenumber
googleConstellation,constellationSimVerifications,"""IMSI""",imsi,
googleConstellation,constellationSimVerifications,"""SIM Readable Number""",sim_readable_number,phonenumber
googleConstellation,constellationSimVerifications,"""State""",state,
googleConstellation,constellationSimVerifications,"""Verification Method""",verification_method,
googleConstellation,constellationSimVerifications,"""SIM Slot""",sim_slot,
googlemapaudio,get_googlemapaudio,"""Timestamp""",timestamp,datetime
googlemapaudio,get_googlemapaudio,"""Audio""",audio,media
googlemapaudio,get_googlemapaudio,"""Filename""",filename,
googlemapaudio,get_googlemapaudio,"""File Size""",file_size,
PodcastAddict,get_podcasts,"""publication_date""",publication_date,datetime
PodcastAddict,get_podcasts,"""playback_date""",playback_date,datetime
PodcastAddict,get_podcasts,"""name""",name,
PodcastAddict,get_podcasts,"""duration""",duration,
PodcastAddict,get_podcasts,"""size""",size,
PodcastAddict,get_podcasts,"""downloaded_date""",downloaded_date,datetime
PodcastAddict,get_podcasts,"""playing_status""",playing_status,
PodcastAddict,get_podcasts,"""position_to_resume""",position_to_resume,
PodcastAddict,get_podcasts,"""download_url""",download_url,
pikpakDownloads,get_pikpakDownloads,"""Create Time""",create_time,datetime
pikpakDownloads,get_pikpakDownloads,"""Modify Time""",modify_time,datetime
pikpakDownloads,get_pikpakDownloads,"""Title""",title,
pikpakDownloads,get_pikpakDownloads,"""Local Storage""",local_storage,
pikpakDownloads,get_pikpakDownloads,"""URL""",url,
SamsungTrash,samsungTrash,"""Date Deleted UTC""",date_deleted_utc,datetime
SamsungTrash,samsungTrash,"""Date Expires UTC""",date_expires_utc,datetime
SamsungTrash,samsungTrash,"""Media""",media,media
SamsungTrash,samsungTrash,"""Internal ID""",internal_id,
SamsungTrash,samsungTrash,"""Current Trash Path""",current_trash_path,
SamsungTrash,samsungTrash,"""Original Path""",original_path,
SamsungTrash,samsungTrash,"""Title (No Extension)""",title_no_extension,
SamsungTrash,samsungTrash,"""Display Name (File Name)""",display_name_file_name,
SamsungTrash,samsungTrash,"""Size (Bytes)""",size_bytes,
SamsungTrash,samsungTrash,"""MIME Type""",mime_type,
SamsungTrash,samsungTrash,"""Delete Package Name""",delete_package_name,
SamsungTrash,samsungTrash,"""User ID""",user_id,
SamsungTrash,samsungTrash,"""Extra""",extra,
SamsungTrash,samsungTrash,"""Source DB""",source_db,
WhatsApp,get_whatsapp_contacts,"""Name""",name,
WhatsApp,get_whatsapp_contacts,"""JID""",jid,
WhatsApp,get_whatsapp_contacts,"""Number""",number,
WhatsApp,get_whatsapp_call_logs,"""Call Start Timestamp""",call_start_timestamp,datetime
WhatsApp,get_whatsapp_call_logs,"""Call End Timestamp""",call_end_timestamp,datetime
WhatsApp,get_whatsapp_call_logs,"""Call Duration""",call_duration,
WhatsApp,get_whatsapp_call_logs,"""Group Name""",group_name,
WhatsApp,get_whatsapp_call_logs,"""Call Direction""",call_direction,
WhatsApp,get_whatsapp_call_logs,"""Caller""",caller,
WhatsApp,get_whatsapp_call_logs,"""Caller JID""",caller_jid,
WhatsApp,get_whatsapp_call_logs,"""Call Type""",call_type,
WhatsApp,get_whatsapp_messages,"""Message Timestamp""",message_timestamp,datetime
WhatsApp,get_whatsapp_messages,"""Received Timestamp""",received_timestamp,datetime
WhatsApp,get_whatsapp_messages,"""Message ID""",message_id,
WhatsApp,get_whatsapp_messages,"""Recipients""",recipients,
WhatsApp,get_whatsapp_messages,"""Direction""",direction,
WhatsApp,get_whatsapp_messages,"""Message""",message,
WhatsApp,get_whatsapp_messages,"""Group Sender""",group_sender,
WhatsApp,get_whatsapp_messages,"""Attachment""",attachment,
WhatsApp,get_whatsapp_group_details,"""Group Creation Timestamp""",group_creation_timestamp,datetime
WhatsApp,get_whatsapp_group_details,"""Group Name""",group_name,
WhatsApp,get_whatsapp_group_details,"""Creator JID""",creator_jid,
WhatsApp,get_whatsapp_group_details,"""Creator WA User Name""",creator_wa_user_name,
WhatsApp,get_whatsapp_group_details,"""Creator WA Number""",creator_wa_number,
WhatsApp,get_whatsapp_group_details,"""Creator WA Profile Picture""",creator_wa_profile_picture,media
WhatsApp,get_whatsapp_user_profile,"""Version""",version,
WhatsApp,get_whatsapp_user_profile,"""Name""",name,
WhatsApp,get_whatsapp_user_profile,"""User Status""",user_status,
WhatsApp,get_whatsapp_user_profile,"""Country Code""",country_code,
WhatsApp,get_whatsapp_user_profile,"""Mobile Number""",mobile_number,
recentactivity,get_recentactivity,"""CE Profile""",ce_profile,
recentactivity,get_recentactivity,"""Task ID""",task_id,
recentactivity,get_recentactivity,"""Effective UID""",effective_uid,
recentactivity,get_recentactivity,"""Affinity""",affinity,
recentactivity,get_recentactivity,"""Real Activity""",real_activity,
recentactivity,get_recentactivity,"""First Active Time""",first_active_time,datetime
recentactivity,get_recentactivity,"""Last Active Time""",last_active_time,datetime
recentactivity,get_recentactivity,"""Last Time Moved""",last_time_moved,datetime
recentactivity,get_recentactivity,"""Calling Package""",calling_package,
recentactivity,get_recentactivity,"""User ID""",user_id,
recentactivity,get_recentactivity,"""Action""",action,
recentactivity,get_recentactivity,"""Component""",component,
recentactivity,get_recentactivity,"""Snapshot Image""",snapshot_image,media
recentactivity,get_recentactivity,"""Low Resolution Snapshot""",low_resolution_snapshot,media
recentactivity,get_recentactivity,"""Snapshot ID""",snapshot_id,
recentactivity,get_recentactivity,"""Snapshot Capture Time""",snapshot_capture_time,datetime
recentactivity,get_recentactivity,"""Snapshot Top Activity""",snapshot_top_activity,
recentactivity,get_recentactivity,"""Is Real Snapshot""",is_real_snapshot,
recentactivity,get_recentactivity,"""Snapshot Orientation""",snapshot_orientation,
recentactivity,get_recentactivity,"""Snapshot Rotation""",snapshot_rotation,
recentactivity,get_recentactivity,"""Original Task Size""",original_task_size,
recentactivity,get_recentactivity,"""Windowing Mode""",windowing_mode,
recentactivity,get_recentactivity,"""Is Translucent""",is_translucent,
recentactivity,get_recentactivity,"""Content Insets (L, T, R, B)""",content_insets_l_t_r_b,
recentactivity,get_recentactivity,"""Letterbox Insets (L, T, R, B)""",letterbox_insets_l_t_r_b,
recentactivity,get_recentactivity,"""Appearance""",appearance,
recentactivity,get_recentactivity,"""UI Mode""",ui_mode,
recentactivity,get_recentactivity,"""Recent Image""",recent_image,media
recentactivity,get_recentactivity,"""Task Attributes""",task_attributes,
recentactivity,get_recentactivity,"""Activity Attributes""",activity_attributes,
GarminNotifications,get_garmin_notifications,"""Status""",status,
GarminNotifications,get_garmin_notifications,"""Status Timestamp""",status_timestamp,datetime
GarminNotifications,get_garmin_notifications,"""Title""",title,
GarminNotifications,get_garmin_notifications,"""Message""",message,
GarminNotifications,get_garmin_notifications,"""Type""",type,
GarminNotifications,get_garmin_notifications,"""Category""",category,
GarminNotifications,get_garmin_notifications,"""Package Name""",package_name,
walStrings,get_walStrings,"""Report""",report,
walStrings,get_walStrings,"""Location""",location,
burnerSubscription,get_burnerSubscription,"""User ID""",user_id,
burnerSubscription,get_burnerSubscription,"""Timestamp""",timestamp,datetime
burnerSubscription,get_burnerSubscription,"""Renewal Date""",renewal_date,datetime
burnerSubscription,get_burnerSubscription,"""SKU""",sku,
burnerSubscription,get_burnerSubscription,"""Store""",store,
burnerSubscription,get_burnerSubscription,"""Trial""",trial,
burnerSubscription,get_burnerSubscription,"""State""",state,
swissmeteo,plz_interaction,"""Interaction Timestamp""",interaction_timestamp,datetime
swissmeteo,plz_interaction,"""Meteo of the city""",meteo_of_the_city,
swissmeteo,plz_interaction,"""Meteo of the city (link)""",meteo_of_the_city_link,
swissmeteo,plz_interaction,"""Recorded Coordinates""",recorded_coordinates,
swissmeteo,swissmeteo_plz,"""Opened Timestamp""",opened_timestamp,datetime
swissmeteo,swissmeteo_plz,"""Latitude""",latitude,
swissmeteo,swissmeteo_plz,"""Longitude""",longitude,
swissmeteo,swissmeteo_plz,"""Map link""",map_link,
Deepseek_ChatInfo,deepseek_chat_info,"""Timestamp""",timestamp,datetime
Deepseek_ChatInfo,deepseek_chat_info,"""Chat ID""",chat_id,
Deepseek_ChatInfo,deepseek_chat_info,"""Title""",title,
Deepseek_ChatInfo,deepseek_chat_info,"""Last Updated (UTC)""",last_updated_utc,
torrentData,get_TorrentData,"""Torrent Name""",torrent_name,
torrentData,get_TorrentData,"""Info Hash""",info_hash,
torrentData,get_TorrentData,"""Path""",path,
etc_hosts,get_etc_hosts,"""IP Address""",ip_address,
etc_hosts,get_etc_hosts,"""Hostname""",hostname,
PumaActivities,get_puma_activities,"""ID""",id,
PumaActivities,get_puma_activities,"""Start Time""",start_time,datetime
PumaActivities,get_puma_activities,"""End Time""",end_time,datetime
PumaActivities,get_puma_activities,"""Duration""",duration,
PumaActivities,get_puma_activities,"""Score""",score,
PumaActivities,get_puma_activities,"""Calories""",calories,
PumaActivities,get_puma_activities,"""City""",city,
PumaActivities,get_puma_activities,"""Country""",country,
PumaActivities,get_puma_activities,"""Distance""",distance,
PumaActivities,get_puma_activities,"""Max Altitude""",max_altitude,
PumaActivities,get_puma_activities,"""Mean Altitude""",mean_altitude,
PumaActivities,get_puma_activities,"""Max Speed""",max_speed,
PumaActivities,get_puma_activities,"""Mean Speed""",mean_speed,
PumaActivities,get_puma_activities,"""Average Time Per Km""",average_time_per_km,
PumaActivities,get_puma_activities,"""Run Location Type""",run_location_type,
PumaActivities,get_puma_activities,"""Current Pace""",current_pace,
PumaActivities,get_puma_activities,"""Latitude""",latitude,
PumaActivities,get_puma_activities,"""Longitude""",longitude,
PumaActivities,get_puma_activities,"""End Latitude""",end_latitude,
PumaActivities,get_puma_activities,"""End Longitude""",end_longitude,
PumaActivities,get_puma_activities,"""Route Map""",route_map,media
PumaActivities,get_puma_activities,"""Route KML""",route_kml,media
fitbit,get_fitbit_activity,"""Timestamp""",timestamp,datetime
fitbit,get_fitbit_activity,"""Time Created""",time_created,datetime
fitbit,get_fitbit_activity,"""Name""",name,
fitbit,get_fitbit_activity,"""Log Type""",log_type,
fitbit,get_fitbit_activity,"""Active Duration""",active_duration,
fitbit,get_fitbit_activity,"""Speed""",speed,
fitbit,get_fitbit_activity,"""Pace""",pace,
fitbit,get_fitbit_activity,"""Elevation Gain""",elevation_gain,
fitbit,get_fitbit_activity,"""Avg Heart Rate""",avg_heart_rate,
fitbit,get_fitbit_activity,"""Distance""",distance,
fitbit,get_fitbit_activity,"""Distance Unit""",distance_unit,
fitbit,get_fitbit_activity,"""Duration (as stored)""",duration_as_stored,
fitbit,get_fitbit_activity,"""Duration / 60""",duration_60,
fitbit,get_fitbit_activity,"""Steps""",steps,
fitbit,get_fitbit_activity,"""Details Type""",details_type,
fitbit,get_fitbit_activity,"""Calories""",calories,
fitbit,get_fitbit_activity,"""Manual Calories Populated""",manual_calories_populated,
fitbit,get_fitbit_activity,"""Source Name""",source_name,
fitbit,get_fitbit_activity,"""Source Type""",source_type,
fitbit,get_fitbit_activity,"""Has GPS""",has_gps,
fitbit,get_fitbit_activity,"""Swim Lengths""",swim_lengths,
fitbit,get_fitbit_activity,"""Pool Length""",pool_length,
fitbit,get_fitbit_activity,"""Pool Length Unit""",pool_length_unit,
fitbit,get_fitbit_activity,"""Very Active Minutes""",very_active_minutes,
fitbit,get_fitbit_activity,"""Moderately Active Minutes""",moderately_active_minutes,
fitbit,get_fitbit_activity,"""Fat Burn HR Zone""",fat_burn_hr_zone,
fitbit,get_fitbit_activity,"""Cardio HR Zone""",cardio_hr_zone,
fitbit,get_fitbit_activity,"""Peak HR Zone""",peak_hr_zone,
fitbit,get_fitbit_activity,"""Source File""",source_file,
fitbit,get_fitbit_device,"""Last Synced Timestamp""",last_synced_timestamp,datetime
fitbit,get_fitbit_device,"""Device Name""",device_name,
fitbit,get_fitbit_device,"""Bluetooth MAC Address""",bluetooth_mac_address,
fitbit,get_fitbit_device,"""Battery Percentage""",battery_percentage,
fitbit,get_fitbit_device,"""Device Type""",device_type,
fitbit,get_fitbit_device,"""Source File""",source_file,
fitbit,get_fitbit_exercise,"""Timestamp""",timestamp,datetime
fitbit,get_fitbit_exercise,"""Label""",label,
fitbit,get_fitbit_exercise,"""Latitude""",latitude,
fitbit,get_fitbit_exercise,"""Longitude""",longitude,
fitbit,get_fitbit_exercise,"""Accuracy""",accuracy,
fitbit,get_fitbit_exercise,"""Altitude""",altitude,
fitbit,get_fitbit_exercise,"""Speed""",speed,
fitbit,get_fitbit_exercise,"""Pace""",pace,
fitbit,get_fitbit_exercise,"""Session ID""",session_id,
fitbit,get_fitbit_exercise,"""Source File""",source_file,
fitbit,get_fitbit_routes,"""Session ID""",session_id,
fitbit,get_fitbit_routes,"""Points""",points,
fitbit,get_fitbit_routes,"""Start Time""",start_time,datetime
fitbit,get_fitbit_routes,"""End Time""",end_time,datetime
fitbit,get_fitbit_routes,"""Latitude""",latitude,
fitbit,get_fitbit_routes,"""Longitude""",longitude,
fitbit,get_fitbit_routes,"""Route Map""",route_map,media
fitbit,get_fitbit_routes,"""Route KML""",route_kml,media
fitbit,get_fitbit_heart,"""Timestamp""",timestamp,datetime
fitbit,get_fitbit_heart,"""Avg Heart Rate""",avg_heart_rate,
fitbit,get_fitbit_heart,"""Resting Heart Rate""",resting_heart_rate,
fitbit,get_fitbit_heart,"""Source File""",source_file,
fitbit,get_fitbit_sleep_detail,"""Timestamp""",timestamp,datetime
fitbit,get_fitbit_sleep_detail,"""Seconds""",seconds,
fitbit,get_fitbit_sleep_detail,"""Level""",level,
fitbit,get_fitbit_sleep_detail,"""Log ID""",log_id,
fitbit,get_fitbit_sleep_detail,"""Source File""",source_file,
fitbit,get_fitbit_sleep_summary,"""Timestamp""",timestamp,datetime
fitbit,get_fitbit_sleep_summary,"""Start Time""",start_time,datetime
fitbit,get_fitbit_sleep_summary,"""Sync Status""",sync_status,
fitbit,get_fitbit_sleep_summary,"""Duration (as stored)""",duration_as_stored,
fitbit,get_fitbit_sleep_summary,"""Duration / 60000""",duration_60000,
fitbit,get_fitbit_sleep_summary,"""Minutes After Wakeup""",minutes_after_wakeup,
fitbit,get_fitbit_sleep_summary,"""Minutes Asleep""",minutes_asleep,
fitbit,get_fitbit_sleep_summary,"""Minutes Awake""",minutes_awake,
fitbit,get_fitbit_sleep_summary,"""Minutes to Fall Asleep""",minutes_to_fall_asleep,
fitbit,get_fitbit_sleep_summary,"""Log ID""",log_id,
fitbit,get_fitbit_sleep_summary,"""Source File""",source_file,
fitbit,get_fitbit_friends,"""Owning User ID""",owning_user_id,
fitbit,get_fitbit_friends,"""Encoded ID""",encoded_id,
fitbit,get_fitbit_friends,"""Display Name""",display_name,
fitbit,get_fitbit_friends,"""Avatar URL""",avatar_url,
fitbit,get_fitbit_friends,"""Friend""",friend,
fitbit,get_fitbit_friends,"""Child""",child,
fitbit,get_fitbit_friends,"""Source File""",source_file,
fitbit,get_fitbit_user,"""Last Updated""",last_updated,datetime
fitbit,get_fitbit_user,"""Display Name""",display_name,
fitbit,get_fitbit_user,"""Full Name""",full_name,
fitbit,get_fitbit_user,"""About Me""",about_me,
fitbit,get_fitbit_user,"""Avatar URL""",avatar_url,
fitbit,get_fitbit_user,"""Cover Photo URL""",cover_photo_url,
fitbit,get_fitbit_user,"""City""",city,
fitbit,get_fitbit_user,"""State""",state,
fitbit,get_fitbit_user,"""Country""",country,
fitbit,get_fitbit_user,"""Joined Date""",joined_date,datetime
fitbit,get_fitbit_user,"""Date of Birth""",date_of_birth,datetime
fitbit,get_fitbit_user,"""Height""",height,
fitbit,get_fitbit_user,"""Weight""",weight,
fitbit,get_fitbit_user,"""Gender""",gender,
fitbit,get_fitbit_user,"""Coach""",coach,
fitbit,get_fitbit_user,"""Source File""",source_file,
fitbit,get_fitbit_steps,"""Timestamp""",timestamp,datetime
fitbit,get_fitbit_steps,"""Steps Count""",steps_count,
fitbit,get_fitbit_steps,"""Mets Count""",mets_count,
fitbit,get_fitbit_steps,"""Time Created""",time_created,datetime
fitbit,get_fitbit_steps,"""Time Updated""",time_updated,datetime
fitbit,get_fitbit_steps,"""Source File""",source_file,
fitbit,get_fitbit_wearos_profile,"""Full Name""",full_name,
fitbit,get_fitbit_wearos_profile,"""Display Name""",display_name,
fitbit,get_fitbit_wearos_profile,"""Email""",email,
fitbit,get_fitbit_wearos_profile,"""Gender""",gender,
fitbit,get_fitbit_wearos_profile,"""DOB""",dob,
fitbit,get_fitbit_wearos_profile,"""Height""",height,
fitbit,get_fitbit_wearos_profile,"""Weight""",weight,
fitbit,get_fitbit_wearos_profile,"""Member Since""",member_since,
fitbit,get_fitbit_wearos_profile,"""User ID""",user_id,
fitbit,get_fitbit_wearos_activity,"""Start Time""",start_time,datetime
fitbit,get_fitbit_wearos_activity,"""Activity Name""",activity_name,
fitbit,get_fitbit_wearos_activity,"""Duration (min)""",duration_min,
fitbit,get_fitbit_wearos_activity,"""Distance""",distance,
fitbit,get_fitbit_wearos_activity,"""Unit""",unit,
fitbit,get_fitbit_wearos_activity,"""Steps""",steps,
fitbit,get_fitbit_wearos_activity,"""Calories""",calories,
fitbit,get_fitbit_wearos_activity,"""Avg HR""",avg_hr,
fitbit,get_fitbit_wearos_activity,"""Elevation""",elevation,
fitbit,get_fitbit_wearos_activity,"""AZM""",azm,
fitbit,get_fitbit_wearos_activity,"""Log ID""",log_id,
fitbit,get_fitbit_wearos_daily,"""Date""",date,
fitbit,get_fitbit_wearos_daily,"""Total Moving Mins""",total_moving_mins,
fitbit,get_fitbit_wearos_daily,"""Total Sedentary Mins""",total_sedentary_mins,
fitbit,get_fitbit_wearos_daily,"""Longest Sedentary Duration (as stored)""",longest_sedentary_duration_as_stored,
fitbit,get_fitbit_wearos_daily,"""Longest Sedentary Start Time""",longest_sedentary_start_time,
fitbit,get_fitbit_wearos_hourly,"""Full Timestamp""",full_timestamp,
fitbit,get_fitbit_wearos_hourly,"""Date""",date,
fitbit,get_fitbit_wearos_hourly,"""Time""",time,
fitbit,get_fitbit_wearos_hourly,"""Steps""",steps,
fitbit,get_fitbit_wearos_sleep_logs,"""Sleep Start""",sleep_start,datetime
fitbit,get_fitbit_wearos_sleep_logs,"""Sleep End""",sleep_end,datetime
fitbit,get_fitbit_wearos_sleep_logs,"""Date of Sleep""",date_of_sleep,
fitbit,get_fitbit_wearos_sleep_logs,"""Mins Asleep""",mins_asleep,
fitbit,get_fitbit_wearos_sleep_logs,"""Mins Awake""",mins_awake,
fitbit,get_fitbit_wearos_sleep_logs,"""Time to Fall Asleep""",time_to_fall_asleep,
fitbit,get_fitbit_wearos_sleep_logs,"""Time After Wakeup""",time_after_wakeup,
fitbit,get_fitbit_wearos_sleep_logs,"""Type""",type,
fitbit,get_fitbit_wearos_sleep_logs,"""Is Main Sleep""",is_main_sleep,
fitbit,get_fitbit_wearos_workouts,"""Start Time""",start_time,datetime
fitbit,get_fitbit_wearos_workouts,"""Session ID""",session_id,
fitbit,get_fitbit_wearos_workouts,"""Activity Type ID""",activity_type_id,
fitbit,get_fitbit_wearos_workouts,"""Distance (km)""",distance_km,
fitbit,get_fitbit_wearos_workouts,"""Steps""",steps,
fitbit,get_fitbit_wearos_workouts,"""Calories""",calories,
fitbit,get_fitbit_wearos_workouts,"""Avg HR""",avg_hr,
fitbit,get_fitbit_wearos_workouts,"""Elevation (ft)""",elevation_ft,
fitbit,get_fitbit_wearos_gps,"""Timestamp""",timestamp,datetime
fitbit,get_fitbit_wearos_gps,"""Latitude""",latitude,
fitbit,get_fitbit_wearos_gps,"""Longitude""",longitude,
fitbit,get_fitbit_wearos_gps,"""Altitude""",altitude,
fitbit,get_fitbit_wearos_gps,"""Speed""",speed,
fitbit,get_fitbit_wearos_gps,"""Est. Error""",est_error,
fitbit,get_fitbit_wearos_gps_route,"""Points""",points,
fitbit,get_fitbit_wearos_gps_route,"""Start Time""",start_time,datetime
fitbit,get_fitbit_wearos_gps_route,"""End Time""",end_time,datetime
fitbit,get_fitbit_wearos_gps_route,"""Latitude""",latitude,
fitbit,get_fitbit_wearos_gps_route,"""Longitude""",longitude,
fitbit,get_fitbit_wearos_gps_route,"""Route Map""",route_map,media
fitbit,get_fitbit_wearos_gps_route,"""Route KML""",route_kml,media
fitbit,get_fitbit_wearos_hr,"""Start Time""",start_time,datetime
fitbit,get_fitbit_wearos_hr,"""End Time""",end_time,datetime
fitbit,get_fitbit_wearos_hr,"""Value""",value,
fitbit,get_fitbit_wearos_hr,"""Accuracy""",accuracy,
fitbit,get_fitbit_wearos_pace,"""Timestamp""",timestamp,datetime
fitbit,get_fitbit_wearos_pace,"""Session ID""",session_id,
fitbit,get_fitbit_wearos_pace,"""Stat Type""",stat_type,
fitbit,get_fitbit_wearos_pace,"""Value""",value,
fitbit,get_fitbit_wearos_sleep,"""Sleep Start""",sleep_start,datetime
fitbit,get_fitbit_wearos_sleep,"""Sleep End""",sleep_end,datetime
fitbit,get_fitbit_wearos_sleep,"""Duration (min)""",duration_min,
fitbit,get_fitbit_wearos_azm,"""Start Time""",start_time,datetime
fitbit,get_fitbit_wearos_azm,"""End Time""",end_time,datetime
fitbit,get_fitbit_wearos_azm,"""Zone ID""",zone_id,
fitbit,get_fitbit_wearos_azm,"""Value""",value,
fitbit,get_fitbit_wearos_azm,"""Last BPM""",last_bpm,
fitbit,get_fitbit_wearos_splits,"""Split Time""",split_time,datetime
fitbit,get_fitbit_wearos_splits,"""Session ID""",session_id,
fitbit,get_fitbit_wearos_splits,"""Avg Pace (Min/Km)""",avg_pace_minkm,
fitbit,get_fitbit_wearos_splits,"""Avg HR""",avg_hr,
fitbit,get_fitbit_wearos_splits,"""Steps""",steps,
fitbit,get_fitbit_wearos_splits,"""Calories""",calories,
fitbit,get_fitbit_wearos_opaque_hr,"""Timestamp""",timestamp,datetime
fitbit,get_fitbit_wearos_opaque_hr,"""Base HR""",base_hr,
fitbit,get_fitbit_wearos_opaque_hr,"""Confidence""",confidence,
appops,get_appops,"""Access Timestamp""",access_timestamp,datetime
appops,get_appops,"""Reject Timestamp""",reject_timestamp,datetime
appops,get_appops,"""Package Name""",package_name,
appops,get_appops,"""ID""",id,
appops,get_appops,"""Proxy Package Name""",proxy_package_name,
appops,get_appops,"""Proxy Package UID""",proxy_package_uid,
appops,get_appops,"""Permission""",permission,
appops,get_appops_legacy,"""Timestamp TP""",timestamp_tp,datetime
appops,get_appops_legacy,"""Timestamp TC""",timestamp_tc,datetime
appops,get_appops_legacy,"""Timestamp TB""",timestamp_tb,datetime
appops,get_appops_legacy,"""Timestamp TF""",timestamp_tf,datetime
appops,get_appops_legacy,"""Timestamp TFS""",timestamp_tfs,datetime
appops,get_appops_legacy,"""Timestamp TT""",timestamp_tt,datetime
appops,get_appops_legacy,"""Package Name""",package_name,
appops,get_appops_legacy,"""Duration""",duration,
appops,get_appops_legacy,"""Proxy Package Name""",proxy_package_name,
appops,get_appops_legacy,"""Proxy Package UID""",proxy_package_uid,
appops,get_appops_legacy,"""Permission""",permission,
wifiProfiles,get_wifiProfiles,"""SecurityMode""",securitymode,
wifiProfiles,get_wifiProfiles,"""SSID""",ssid,
wifiProfiles,get_wifiProfiles,"""PreSharedKey""",presharedkey,
wifiProfiles,get_wifiProfiles,"""WEPKeys""",wepkeys,
wifiProfiles,get_wifiProfiles,"""Password""",password,
wifiProfiles,get_wifiProfiles,"""Identity""",identity,
wifiProfiles,get_wifiProfiles,"""DefaultGwMacAddress""",defaultgwmacaddress,
wifiProfiles,get_wifiProfiles,"""semCreationTime""",semcreationtime,datetime
wifiProfiles,get_wifiProfiles,"""semUpdateTime""",semupdatetime,datetime
wifiProfiles,get_wifiProfiles,"""LastConnectedTime""",lastconnectedtime,datetime
wifiProfiles,get_wifiProfiles,"""CaptivePortal""",captiveportal,
wifiProfiles,get_wifiProfiles,"""LoginUrl""",loginurl,
wifiProfiles,get_wifiProfiles,"""IpAssignment""",ipassignment,
ChessComMessages,get_ChessComMessages,"""Sent""",sent,datetime
ChessComMessages,get_ChessComMessages,"""Conversation""",conversation,
ChessComMessages,get_ChessComMessages,"""Sender""",sender,
ChessComMessages,get_ChessComMessages,"""Message""",message,
OrnetBrowser,ornetbrowser_bookmarks,"""Bookmark ID""",bookmark_id,
OrnetBrowser,ornetbrowser_bookmarks,"""Title""",title,
OrnetBrowser,ornetbrowser_bookmarks,"""URL""",url,
OrnetBrowser,ornetbrowser_bookmarks,"""Bookmark Folder""",bookmark_folder,
OrnetBrowser,ornetbrowser_suggestions,"""ID""",id,
OrnetBrowser,ornetbrowser_suggestions,"""URL""",url,
OrnetBrowser,ornetbrowser_suggestions,"""Title""",title,
OrnetBrowser,ornetbrowser_history,"""ID""",id,
OrnetBrowser,ornetbrowser_history,"""URL""",url,
OrnetBrowser,ornetbrowser_history,"""Title""",title,
OrnetBrowser,ornetbrowser_history,"""Visit Date""",visit_date,datetime
OrnetBrowser,ornetbrowser_opentabs,"""Tab ID""",tab_id,
OrnetBrowser,ornetbrowser_opentabs,"""URL""",url,
OrnetBrowser,ornetbrowser_opentabs,"""Title""",title,
OrnetBrowser,ornetbrowser_opentabs,"""Cached Tab Filename""",cached_tab_filename,
OrnetBrowser,ornetbrowser_opentabs,"""Tab Preview File Name Time (UTC)""",tab_preview_file_name_time_utc,datetime
OrnetBrowser,ornetbrowser_opentabs,"""Cached Tab Preview""",cached_tab_preview,media
OrnetBrowser,ornetbrowser_frequents,"""URL""",url,
OrnetBrowser,ornetbrowser_frequents,"""Title""",title,
OrnetBrowser,ornetbrowser_frequents,"""Visit Count""",visit_count,
OrnetBrowser,ornetbrowser_downloads,"""Download ID""",download_id,
OrnetBrowser,ornetbrowser_downloads,"""Download Status""",download_status,
OrnetBrowser,ornetbrowser_downloads,"""File Name""",file_name,
OrnetBrowser,ornetbrowser_downloads,"""Download URL""",download_url,
OrnetBrowser,ornetbrowser_downloads,"""Downloaded Bytes""",downloaded_bytes,
OrnetBrowser,ornetbrowser_downloads,"""Total Bytes""",total_bytes,
OrnetBrowser,ornetbrowser_downloads,"""Last Modified (UTC)""",last_modified_utc,datetime
OrnetBrowser,ornetbrowser_downloads,"""Download Path""",download_path,
OrnetBrowser,ornetbrowser_thumbnails,"""Timestamp""",timestamp,datetime
OrnetBrowser,ornetbrowser_thumbnails,"""Thumbnail""",thumbnail,media
OrnetBrowser,ornetbrowser_thumbnails,""" File Name""",_file_name,
OrnetBrowser,ornetbrowser_thumbnails,"""Location""",location,
OrnetBrowser,ornetbrowser_searchhistory,"""id""",id,
OrnetBrowser,ornetbrowser_searchhistory,"""Search Query""",search_query,
OrnetBrowser,ornetbrowser_cookies,"""Last Accessed""",last_accessed,datetime
OrnetBrowser,ornetbrowser_cookies,"""Creation Time""",creation_time,datetime
OrnetBrowser,ornetbrowser_cookies,"""Host""",host,
OrnetBrowser,ornetbrowser_cookies,"""Name""",name,
OrnetBrowser,ornetbrowser_cookies,"""Value""",value,
OrnetBrowser,ornetbrowser_cookies,"""Expiry""",expiry,datetime
OrnetBrowser,ornetbrowser_cookies,"""Path""",path,
OrnetBrowser,ornetbrowser_usageinfo,"""Key""",key,
OrnetBrowser,ornetbrowser_usageinfo,"""Value""",value,
OrnetBrowser,ornetbrowser_usageinfo,"""File Name""",file_name,
OrnetBrowser,ornetbrowser_usageinfo,"""Path""",path,
chromeNetworkActionPredictor,get_chromeNetworkActionPredictor,"""User Text""",user_text,
chromeNetworkActionPredictor,get_chromeNetworkActionPredictor,"""URL""",url,
chromeNetworkActionPredictor,get_chromeNetworkActionPredictor,"""Number of Hits""",number_of_hits,
chromeNetworkActionPredictor,get_chromeNetworkActionPredictor,"""Number of Misses""",number_of_misses,
roles,get_roles,"""Source Path Variant""",source_path_variant,
roles,get_roles,"""User""",user,
roles,get_roles,"""Role""",role,
roles,get_roles,"""Holder""",holder,
firefoxPermissions,get_firefoxPermissions,"""Modification Timestamp""",modification_timestamp,datetime
firefoxPermissions,get_firefoxPermissions,"""Origin Site""",origin_site,
firefoxPermissions,get_firefoxPermissions,"""Permission Type""",permission_type,
firefoxPermissions,get_firefoxPermissions,"""Status""",status,
firefoxPermissions,get_firefoxPermissions,"""Expiration Timestamp""",expiration_timestamp,datetime
VerizonRDDAnalytics,get_rdd_analytics,"""ActualTime""",actualtime,datetime
VerizonRDDAnalytics,get_rdd_analytics,"""FormattedTime""",formattedtime,
VerizonRDDAnalytics,get_rdd_analytics,"""BatteryLevel""",batterylevel,
VerizonRDDAnalytics,get_rdd_analytics,"""GPS""",gps,
VerizonRDDAnalytics,get_rdd_analytics,"""Charging""",charging,
VerizonRDDAnalytics,get_rdd_analytics,"""ScreenOn""",screenon,
VerizonRDDAnalytics,get_rdd_analytics,"""Brightness""",brightness,
VerizonRDDAnalytics,get_rdd_analytics,"""BatteryTemp""",batterytemp,
firefoxCookies,get_firefoxCookies,"""Last Accessed Timestamp""",last_accessed_timestamp,datetime
firefoxCookies,get_firefoxCookies,"""Created Timestamp""",created_timestamp,datetime
firefoxCookies,get_firefoxCookies,"""Host""",host,
firefoxCookies,get_firefoxCookies,"""Name""",name,
firefoxCookies,get_firefoxCookies,"""Value""",value,
firefoxCookies,get_firefoxCookies,"""Expiration Timestamp""",expiration_timestamp,datetime
firefoxCookies,get_firefoxCookies,"""Path""",path,
samsungBatteryStats,sdhmsBatteryAppHistory,"""Window Start""",window_start,datetime
samsungBatteryStats,sdhmsBatteryAppHistory,"""Window End""",window_end,datetime
samsungBatteryStats,sdhmsBatteryAppHistory,"""UID""",uid,
samsungBatteryStats,sdhmsBatteryAppHistory,"""Power""",power,
samsungBatteryStats,sdhmsBatteryAppHistory,"""Screen Power""",screen_power,
samsungBatteryStats,sdhmsBatteryAppHistory,"""Foreground Time (ms)""",foreground_time_ms,
samsungBatteryStats,sdhmsBatteryAppHistory,"""Background Time (ms)""",background_time_ms,
samsungBatteryStats,sdhmsBatteryAppHistory,"""CPU Time (ms)""",cpu_time_ms,
samsungBatteryStats,sdhmsBatteryAppHistory,"""Wakelock Time (ms)""",wakelock_time_ms,
samsungBatteryStats,sdhmsBatteryAppHistory,"""Mobile Packets""",mobile_packets,
samsungBatteryStats,sdhmsBatteryAppHistory,"""Wi-Fi Packets""",wifi_packets,
samsungBatteryStats,sdhmsBatteryAppHistory,"""Wakeup Alarms""",wakeup_alarms,
samsungBatteryStats,sdhmsBatteryAppHistory,"""GPS Time (ms)""",gps_time_ms,
samsungBatteryStats,sdhmsBatteryAppHistory,"""Audio Time (ms)""",audio_time_ms,
samsungBatteryStats,sdhmsBatteryAppHistory,"""Mobile Active""",mobile_active,
samsungBatteryStats,sdhmsBatteryAppHistory,"""Bluetooth Scan""",bluetooth_scan,
samsungBatteryStats,sdhmsBatteryDeviceHistory,"""Window Start""",window_start,datetime
samsungBatteryStats,sdhmsBatteryDeviceHistory,"""Window End""",window_end,datetime
samsungBatteryStats,sdhmsBatteryDeviceHistory,"""All Power""",all_power,
samsungBatteryStats,sdhmsBatteryDeviceHistory,"""Screen Power""",screen_power,
samsungBatteryStats,sdhmsBatteryDeviceHistory,"""Screen On Time (ms)""",screen_on_time_ms,
samsungBatteryStats,sdhmsBatteryDeviceHistory,"""Screen Off Time (ms)""",screen_off_time_ms,
samsungBatteryStats,sdhmsBatteryDeviceHistory,"""Screen On Discharge""",screen_on_discharge,
samsungBatteryStats,sdhmsBatteryDeviceHistory,"""Screen Off Discharge""",screen_off_discharge,
samsungBatteryStats,sdhmsBatteryDeviceHistory,"""Screen On Count""",screen_on_count,
samsungBatteryStats,sdhmsBatteryDeviceHistory,"""High Brightness Time (ms)""",high_brightness_time_ms,
samsungBatteryStats,sdhmsBatteryDeviceHistory,"""High Refresh Time (ms)""",high_refresh_time_ms,
samsungBatteryStats,sdhmsBatteryEventHistory,"""Update Time""",update_time,datetime
samsungBatteryStats,sdhmsBatteryEventHistory,"""Event Type""",event_type,
samsungBatteryStats,sdhmsBatteryEventHistory,"""Event Value""",event_value,
samsungBatteryStats,sdhmsBatteryEventHistory,"""ID""",id,
samsungBatteryStats,sdhmsBatterySystemHistory,"""Window Start""",window_start,datetime
samsungBatteryStats,sdhmsBatterySystemHistory,"""Window End""",window_end,datetime
samsungBatteryStats,sdhmsBatterySystemHistory,"""Drain Type""",drain_type,
samsungBatteryStats,sdhmsBatterySystemHistory,"""Power""",power,
samsungBatteryStats,sdhmsBatterySystemHistory,"""Used Time (ms)""",used_time_ms,
oldpowerOffReset,get_oldpowerOffReset,"""Timestamp""",timestamp,datetime
oldpowerOffReset,get_oldpowerOffReset,"""Reason""",reason,
oldpowerOffReset,get_oldpowerOffReset,"""Filename""",filename,
smanagerLow,get_smanagerLow,"""Start Time""",start_time,datetime
smanagerLow,get_smanagerLow,"""End Time""",end_time,datetime
smanagerLow,get_smanagerLow,"""ID""",id,
smanagerLow,get_smanagerLow,"""Package Name""",package_name,
smanagerLow,get_smanagerLow,"""Uploaded?""",uploaded,
smanagerLow,get_smanagerLow,"""Created""",created,datetime
smanagerLow,get_smanagerLow,"""Modified""",modified,datetime
rema_1000,rema1000_receipt_raw,"""id""",id,
rema_1000,rema1000_receipt_raw,"""displayId""",displayid,
rema_1000,rema1000_receipt_raw,"""paymentDate""",paymentdate,
rema_1000,rema1000_receipt_raw,"""paymentSource""",paymentsource,
rema_1000,rema1000_receipt_raw,"""storeNumber""",storenumber,
rema_1000,rema1000_receipt_raw,"""totalPrice""",totalprice,
rema_1000,rema1000_receipt_raw,"""totalPriceString""",totalpricestring,
rema_1000,rema1000_receipt_raw,"""totalDiscount""",totaldiscount,
rema_1000,rema1000_receipt_raw,"""totalVat""",totalvat,
rema_1000,rema1000_receipt_raw,"""Chargeback""",chargeback,
rema_1000,rema1000_receipt_raw,"""searchText""",searchtext,
rema_1000,rema1000_receipt_raw,"""zipString""",zipstring,
rema_1000,rema1000_receipt_raw,"""pp_id""",pp_id,
rema_1000,rema1000_receipt_raw,"""pp_cardType""",pp_cardtype,
rema_1000,rema1000_receipt_raw,"""pp_maskedPan""",pp_maskedpan,
rema_1000,rema1000_receipt_prettified,"""Date and time (Europe/Copenhagen)""",date_and_time_europecopenhagen,
rema_1000,rema1000_receipt_prettified,"""Location""",location,
rema_1000,rema1000_receipt_prettified,"""Items""",items,
rema_1000,rema1000_receipt_prettified,"""Total price (totalPrice/100)""",total_price_totalprice100,
rema_1000,rema1000_receipt_prettified,"""Payment method""",payment_method,
rema_1000,rema1000_receipt_prettified,"""Payment Card Type""",payment_card_type,
rema_1000,rema1000_receipt_prettified,"""Masked PAN""",masked_pan,
cachelocation,get_cachelocation,"""Accuracy""",accuracy,
cachelocation,get_cachelocation,"""Confidence""",confidence,
cachelocation,get_cachelocation,"""Latitude""",latitude,
cachelocation,get_cachelocation,"""Longitude""",longitude,
cachelocation,get_cachelocation,"""Readtime""",readtime,datetime
GarminPersistent,get_presisted,"""Name""",name,
GarminPersistent,get_presisted,"""Value""",value,
persistentProp,get_persistentProp,"""Timestamp""",timestamp,datetime
persistentProp,get_persistentProp,"""Event""",event,
vlcthumbsADB,get_vlcthumbsADB,"""Modified Timestamp""",modified_timestamp,datetime
vlcthumbsADB,get_vlcthumbsADB,"""Thumbnail""",thumbnail,media
vlcthumbsADB,get_vlcthumbsADB,"""Filename""",filename,
vlcthumbsADB,get_vlcthumbsADB,"""Location""",location,
vlcthumbsADB,get_vlcthumbsADB_medialib,"""Modified Timestamp""",modified_timestamp,datetime
vlcthumbsADB,get_vlcthumbsADB_medialib,"""Thumbnail""",thumbnail,media
vlcthumbsADB,get_vlcthumbsADB_medialib,"""Filename""",filename,
vlcthumbsADB,get_vlcthumbsADB_medialib,"""Location""",location,
ChessComGames,get_ChessComGames,"""First Move""",first_move,datetime
ChessComGames,get_ChessComGames,"""Last Move""",last_move,datetime
ChessComGames,get_ChessComGames,"""Game ID""",game_id,
ChessComGames,get_ChessComGames,"""White""",white,
ChessComGames,get_ChessComGames,"""Black""",black,
ChessComGames,get_ChessComGames,"""Friend Status""",friend_status,
ChessComGames,get_ChessComGames,"""Result""",result,
adb_hosts,adb_hosts,"""Username""",username,
adb_hosts,adb_hosts,"""Hostname""",hostname,
googlePlaySearches,GooglePlaySearches,"""Timestamp""",timestamp,
googlePlaySearches,GooglePlaySearches,"""Display""",display,
googlePlaySearches,GooglePlaySearches,"""Query""",query,
smyFiles,get_smyFiles,"""Timestamp""",timestamp,datetime
smyFiles,get_smyFiles,"""Name""",name,
smyFiles,get_smyFiles,"""Full Path""",full_path,
smyFiles,get_smyFiles,"""Is Hidden""",is_hidden,
smyFiles,get_smyFiles,"""Trashed?""",trashed,
smyFiles,get_smyFiles,"""Source""",source,
smyFiles,get_smyFiles,"""Description""",description,
smyFiles,get_smyFiles,"""From S Browser?""",from_s_browser,
smyFiles,get_smyFiles_legacy,"""Timestamp""",timestamp,datetime
smyFiles,get_smyFiles_legacy,"""Name""",name,
smyFiles,get_smyFiles_legacy,"""Size""",size,
smyFiles,get_smyFiles_legacy,"""Data""",data,
smyFiles,get_smyFiles_legacy,"""Source""",source,
smyFiles,get_smyFiles_legacy,"""Description""",description,
smyFiles,get_smyFiles_legacy,"""From S Browser?""",from_s_browser,
smyFiles,get_smyFiles_recent,"""Timestamp""",timestamp,datetime
smyFiles,get_smyFiles_recent,"""Name""",name,
smyFiles,get_smyFiles_recent,"""Full Path""",full_path,
smyFiles,get_smyFiles_recent,"""Is Hidden""",is_hidden,
smyFiles,get_smyFiles_recent,"""Trashed?""",trashed,
smyFiles,get_smyFiles_recent,"""Source""",source,
smyFiles,get_smyFiles_recent,"""Description""",description,
smyFiles,get_smyFiles_recent,"""From S Browser?""",from_s_browser,
mastodon,get_mastodon,"""Timestamp""",timestamp,datetime
mastodon,get_mastodon,"""Hashtag Name""",hashtag_name,
mastodon,get_mastodon,"""Hashtag URL""",hashtag_url,
mastodon,get_mastodon_account_searches,"""Timestamp""",timestamp,datetime
mastodon,get_mastodon_account_searches,"""Username""",username,
mastodon,get_mastodon_account_searches,"""Display Name""",display_name,
mastodon,get_mastodon_account_searches,"""URL""",url,
mastodon,get_mastodon_account_searches,"""ID""",id,
mastodon,get_mastodon_notifications,"""Notification Created Timestamp""",notification_created_timestamp,datetime
mastodon,get_mastodon_notifications,"""Notification From""",notification_from,
mastodon,get_mastodon_notifications,"""Notification Type""",notification_type,
mastodon,get_mastodon_notifications,"""Reference URL""",reference_url,
mastodon,get_mastodon_notifications,"""Text Content""",text_content,
mastodon,get_mastodon_notifications,"""Visibility""",visibility,
mastodon,get_mastodon_notifications,"""Status Created Timestamp""",status_created_timestamp,datetime
mastodon,get_mastodon_notifications,"""ID""",id,
mastodon,get_mastodon_timeline,"""Timestamp""",timestamp,datetime
mastodon,get_mastodon_timeline,"""Account Name""",account_name,
mastodon,get_mastodon_timeline,"""App Name""",app_name,
mastodon,get_mastodon_timeline,"""Text Content""",text_content,
mastodon,get_mastodon_timeline,"""Attachment URL""",attachment_url,
mastodon,get_mastodon_timeline,"""URL""",url,
mastodon,get_mastodon_timeline,"""Boosted Account Name""",boosted_account_name,
mastodon,get_mastodon_timeline,"""Boosted Content""",boosted_content,
mastodon,get_mastodon_timeline,"""Boosted URL""",boosted_url,
mastodon,get_mastodon_timeline,"""Replies Count""",replies_count,
mastodon,get_mastodon_timeline,"""Boosted Count""",boosted_count,
mastodon,get_mastodon_timeline,"""Favorites Count""",favorites_count,
mastodon,get_mastodon_timeline,"""Visibility""",visibility,
mastodon,get_mastodon_timeline,"""ID""",id,
mastodon,get_mastodon_accounts,"""Created Timestamp""",created_timestamp,datetime
mastodon,get_mastodon_accounts,"""Name""",name,
mastodon,get_mastodon_accounts,"""User Name""",user_name,
mastodon,get_mastodon_accounts,"""Display Name""",display_name,
mastodon,get_mastodon_accounts,"""URL""",url,
mastodon,get_mastodon_accounts,"""ID""",id,
mastodon,get_mastodon_accounts,"""Followers Count""",followers_count,
mastodon,get_mastodon_accounts,"""Following Count""",following_count,
mastodon,get_mastodon_accounts,"""Bio""",bio,
mastodon,get_mastodon_accounts,"""Avatar URL""",avatar_url,
mastodon,get_mastodon_accounts,"""Instance Name""",instance_name,
mastodon,get_mastodon_accounts,"""Favorite Alerts""",favorite_alerts,
mastodon,get_mastodon_accounts,"""Follow Alerts""",follow_alerts,
mastodon,get_mastodon_accounts,"""Mention Alerts""",mention_alerts,
mastodon,get_mastodon_accounts,"""Poll Alerts""",poll_alerts,
mastodon,get_mastodon_accounts,"""Boost Alerts""",boost_alerts,
mastodon,get_mastodon_accounts,"""Is Bot""",is_bot,
mastodon,get_mastodon_accounts,"""Is Discoverable""",is_discoverable,
mastodon,get_mastodon_accounts,"""Is Locked""",is_locked,
mastodon,get_mastodon_accounts,"""Is Suspended""",is_suspended,
mastodon,get_mastodon_instance,"""Last Updated Timestamp""",last_updated_timestamp,datetime
mastodon,get_mastodon_instance,"""URI""",uri,
mastodon,get_mastodon_instance,"""Title""",title,
mastodon,get_mastodon_instance,"""Description""",description,
mastodon,get_mastodon_instance,"""Version""",version,
mastodon,get_mastodon_instance,"""User Count""",user_count,
mastodon,get_mastodon_instance,"""Status Count""",status_count,
mastodon,get_mastodon_instance,"""Invites Enable""",invites_enable,
mastodon,get_mastodon_instance,"""Registrations Enabled""",registrations_enabled,
mastodon,get_mastodon_instance,"""Admin Contact Email""",admin_contact_email,
mastodon,get_mastodon_instance,"""Owner""",owner,
mastodon,get_mastodon_instance,"""Thumbnail""",thumbnail,
hikvision,get_hikvision,"""Device ID""",device_id,
hikvision,get_hikvision,"""Channel No.""",channel_no,
hikvision,get_hikvision,"""Channel Name""",channel_name,
hikvision,get_hikvision,"""Status""",status,
hikvision,get_hikvision_info,"""ID""",id,
hikvision,get_hikvision_info,"""Name/IP""",nameip,
hikvision,get_hikvision_info,"""Serial Number""",serial_number,
hikvision,get_hikvision_info,"""Port""",port,
hikvision,get_hikvision_info,"""Channels""",channels,
hikvision,get_hikvision_info,"""1st Channel""",_1st_channel,
hikvision,get_hikvision_info,"""IP Channels""",ip_channels,
hikvision,get_hikvision_info,"""1st IP Channel""",_1st_ip_channel,
hikvision,get_hikvision_info,"""DDNS Address""",ddns_address,
hikvision,get_hikvision_info,"""DDNS Port""",ddns_port,
hikvision,get_hikvision_activity,"""Timestamp""",timestamp,datetime
hikvision,get_hikvision_activity,"""Record Type""",record_type,
hikvision,get_hikvision_activity,"""Activity""",activity,
hikvision,get_hikvision_media,"""Creation Timestamp""",creation_timestamp,datetime
hikvision,get_hikvision_media,"""Camera ID""",camera_id,
hikvision,get_hikvision_media,"""Device ID""",device_id,
hikvision,get_hikvision_media,"""Type""",type,
hikvision,get_hikvision_media,"""File""",file,media
hikvision,get_hikvision_media,"""Thumbnail""",thumbnail,media
hikvision,get_hikvision_media,"""User""",user,
hikvision,get_hikvision_media,"""Folder Name""",folder_name,
hikvision,get_hikvision_media,"""Video Start Time (as stored)""",video_start_time_as_stored,
hikvision,get_hikvision_media,"""Video End Time (as stored)""",video_end_time_as_stored,
chromeBookmarks,get_chromeBookmarks,"""Added Date""",added_date,
chromeBookmarks,get_chromeBookmarks,"""URL""",url,
chromeBookmarks,get_chromeBookmarks,"""Name""",name,
chromeBookmarks,get_chromeBookmarks,"""Parent""",parent,
chromeBookmarks,get_chromeBookmarks,"""Type""",type,
shutdown_checkpoints,shutdown_checkpoints,"""Timestamp""",timestamp,datetime
shutdown_checkpoints,shutdown_checkpoints,"""Requestor""",requestor,
shutdown_checkpoints,shutdown_checkpoints,"""Entry""",entry,
shutdown_checkpoints,shutdown_checkpoints,"""Source File""",source_file,
googleMessages,get_googleMessages,"""Message Timestamp""",message_timestamp,datetime
googleMessages,get_googleMessages,"""Message Type""",message_type,
googleMessages,get_googleMessages,"""Other Participant/Conversation Name""",other_participantconversation_name,
googleMessages,get_googleMessages,"""Message Sender""",message_sender,phonenumber
googleMessages,get_googleMessages,"""Message""",message,
googleMessages,get_googleMessages,"""Attachment Byte Size""",attachment_byte_size,
googleMessages,get_googleMessages,"""Attachment Location""",attachment_location,
googleMessages,get_googleMessages,"""Conversation ID""",conversation_id,
googleMessages,get_googleMessages,"""Direction""",direction,
NikeNotifications,get_nike_notifications,"""ID""",id,
NikeNotifications,get_nike_notifications,"""Sender User ID""",sender_user_id,
NikeNotifications,get_nike_notifications,"""Sender App ID""",sender_app_id,
NikeNotifications,get_nike_notifications,"""Notification Timestamp""",notification_timestamp,datetime
NikeNotifications,get_nike_notifications,"""Notification Type""",notification_type,
NikeNotifications,get_nike_notifications,"""Message""",message,
NikeNotifications,get_nike_notifications,"""Read""",read,
NikeNotifications,get_nike_notifications,"""Deleted""",deleted,
usageHistory,get_usageHistory,"""Timestamp""",timestamp,datetime
usageHistory,get_usageHistory,"""Package""",package,
usageHistory,get_usageHistory,"""Subitem""",subitem,
protonmail,get_protonmail_messages,"""Message Timestamp""",message_timestamp,datetime
protonmail,get_protonmail_messages,"""Subject""",subject,
protonmail,get_protonmail_messages,"""Sender""",sender,
protonmail,get_protonmail_messages,"""Message Direction""",message_direction,
protonmail,get_protonmail_messages,"""Status""",status,
protonmail,get_protonmail_messages,"""Message Size""",message_size,
protonmail,get_protonmail_messages,"""Accessed Timestamp""",accessed_timestamp,datetime
protonmail,get_protonmail_messages,"""Folder""",folder,
protonmail,get_protonmail_messages,"""Starred""",starred,
protonmail,get_protonmail_messages,"""Number of Attachments""",number_of_attachments,
protonmail,get_protonmail_messages,"""Attachment Name""",attachment_name,
protonmail,get_protonmail_messages,"""Attachment Size""",attachment_size,
protonmail,get_protonmail_messages,"""To List""",to_list,
protonmail,get_protonmail_messages,"""Reply To""",reply_to,
protonmail,get_protonmail_messages,"""CC List""",cc_list,
protonmail,get_protonmail_messages,"""BCC List""",bcc_list,
protonmail,get_protonmail_messages,"""Message Header""",message_header,
protonmail,get_protonmail_contacts,"""Creation Timestamp""",creation_timestamp,datetime
protonmail,get_protonmail_contacts,"""Modified Timestamp""",modified_timestamp,datetime
protonmail,get_protonmail_contacts,"""Name""",name,
protonmail,get_protonmail_contacts,"""Email""",email,
keepNotes,get_keepNotes,"""Time Created""",time_created,datetime
keepNotes,get_keepNotes,"""Time Last Updated""",time_last_updated,datetime
keepNotes,get_keepNotes,"""User Edited Timestamp""",user_edited_timestamp,datetime
keepNotes,get_keepNotes,"""Title""",title,
keepNotes,get_keepNotes,"""Text""",text,
keepNotes,get_keepNotes,"""Last Modifier Email""",last_modifier_email,
GarminChart,get_garmin_chart,"""Activity ID""",activity_id,
GarminChart,get_garmin_chart,"""Start Time GMT""",start_time_gmt,
GarminChart,get_garmin_chart,"""Activity Last Updated""",activity_last_updated,datetime
GarminChart,get_garmin_chart,"""Activity Name""",activity_name,
GarminChart,get_garmin_chart,"""Activity Type Key""",activity_type_key,
GarminChart,get_garmin_chart,"""Distance""",distance,
GarminChart,get_garmin_chart,"""Duration""",duration,
GarminChart,get_garmin_chart,"""Steps""",steps,
GarminChart,get_garmin_chart,"""Chart Last Updated""",chart_last_updated,datetime
GarminChart,get_garmin_chart,"""Chart Type""",chart_type,
GarminChart,get_garmin_chart,"""Chart X List""",chart_x_list,
GarminChart,get_garmin_chart,"""Chart Y List""",chart_y_list,
FCMQueuedMessagesDump,get_fcm_dump,"""Package""",package,
FCMQueuedMessagesDump,get_fcm_dump,"""Timestamp""",timestamp,datetime
FCMQueuedMessagesDump,get_fcm_dump,"""Originating File""",originating_file,
FCMQueuedMessagesDump,get_fcm_dump,"""Record ID""",record_id,
FCMQueuedMessagesDump,get_fcm_dump,"""Key""",key,
FCMQueuedMessagesDump,get_fcm_dump,"""Value""",value,
FCMQueuedMessagesDump,get_fcm_dump_verizon,"""Timestamp""",timestamp,datetime
FCMQueuedMessagesDump,get_fcm_dump_verizon,"""Originating File""",originating_file,
FCMQueuedMessagesDump,get_fcm_dump_verizon,"""Key""",key,
FCMQueuedMessagesDump,get_fcm_dump_verizon,"""Value""",value,
FCMQueuedMessagesDump,get_fcm_dump_tiktok,"""Timestamp""",timestamp,datetime
FCMQueuedMessagesDump,get_fcm_dump_tiktok,"""Originating File""",originating_file,
FCMQueuedMessagesDump,get_fcm_dump_tiktok,"""Data""",data,
FCMQueuedMessagesDump,get_fcm_dump_tiktok,"""Title""",title,
FCMQueuedMessagesDump,get_fcm_dump_instagram,"""Timestamp""",timestamp,datetime
FCMQueuedMessagesDump,get_fcm_dump_instagram,"""Originating File""",originating_file,
FCMQueuedMessagesDump,get_fcm_dump_instagram,"""Data""",data,
FCMQueuedMessagesDump,get_fcm_dump_instagram,"""M""",m,
FCMQueuedMessagesDump,get_fcm_dump_instagram,"""S""",s,
FCMQueuedMessagesDump,get_fcm_dump_instagram,"""U""",u,
FCMQueuedMessagesDump,get_fcm_dump_instagram,"""FCM Key""",fcm_key,
FCMQueuedMessagesDump,get_fcm_dump_instagram,"""Push Notification ID""",push_notification_id,
FCMQueuedMessagesDump,get_fcm_dump_instagram,"""IG Endpoint""",ig_endpoint,
FCMQueuedMessagesDump,get_fcm_dump_gqsb,"""Timestamp""",timestamp,datetime
FCMQueuedMessagesDump,get_fcm_dump_gqsb,"""Latitude""",latitude,
FCMQueuedMessagesDump,get_fcm_dump_gqsb,"""Longitude""",longitude,
FCMQueuedMessagesDump,get_fcm_dump_gqsb,"""URL or Location""",url_or_location,
FCMQueuedMessagesDump,get_fcm_dump_gqsb,"""Originating File""",originating_file,
scontextLog,get_scontextLog,"""Start Time""",start_time,datetime
scontextLog,get_scontextLog,"""Stop Time""",stop_time,datetime
scontextLog,get_scontextLog,"""Timezone""",timezone,
scontextLog,get_scontextLog,"""App ID""",app_id,
scontextLog,get_scontextLog,"""APP Sub ID""",app_sub_id,
scontextLog,get_scontextLog,"""Duration""",duration,
scontextLog,get_scontextLog,"""Duration in Secs""",duration_in_secs,
Grok,grok_generatedvideos,"""Filename Timestamp""",filename_timestamp,datetime
Grok,grok_generatedvideos,"""Cache Last Touch Timestamp""",cache_last_touch_timestamp,datetime
Grok,grok_generatedvideos,"""Content Type""",content_type,
Grok,grok_generatedvideos,"""Original URL""",original_url,
Grok,grok_generatedvideos,"""File Name""",file_name,
Grok,grok_generatedvideos,"""Location""",location,
Grok,grok_generatedvideos,"""Cache Video""",cache_video,
Grok,grok_generatedvideos,"""Video""",video,media
Grok,grok_useraccount,"""Key""",key,
Grok,grok_useraccount,"""Value""",value,
Grok,grok_useraccount,"""File Name""",file_name,
Grok,grok_useraccount,"""Path""",path,
discordChats,get_discordChats,"""Timestamp""",timestamp,datetime
discordChats,get_discordChats,"""Channel ID""",channel_id,
discordChats,get_discordChats,"""ID""",id,
discordChats,get_discordChats,"""Username""",username,
discordChats,get_discordChats,"""Content""",content,
discordChats,get_discordChats,"""Attachment Filename""",attachment_filename,
discordChats,get_discordChats,"""Attachment URL""",attachment_url,
discordChats,get_discordChats,"""Attachment Proxy URL""",attachment_proxy_url,
discordChats,get_discordChats,"""Mentions""",mentions,
discordChats,get_discordChats,"""Mention Roles""",mention_roles,
discordChats,get_discordChats,"""Pinned""",pinned,
discordChats,get_discordChats,"""Avatar""",avatar,
discordChats,get_discordChats,"""Edited Timestamp""",edited_timestamp,datetime
discordChats,get_discordChats,"""Sender ID""",sender_id,
discordChats,get_discordChats,"""Account ID""",account_id,
discordChats,get_discordChats,"""Direction""",direction,
libretorrentFR,get_libretorrentFR,"""Torrent InfoHash""",torrent_infohash,
libretorrentFR,get_libretorrentFR,"""Torrent Name""",torrent_name,
libretorrentFR,get_libretorrentFR,"""Save Path""",save_path,
libretorrentFR,get_libretorrentFR,"""Name""",name,
libretorrentFR,get_libretorrentFR,"""Total Downloaded""",total_downloaded,
libretorrentFR,get_libretorrentFR,"""Total Uploaded""",total_uploaded,
libretorrentFR,get_libretorrentFR,"""Length - Path""",length_path,
libretorrentFR,get_libretorrentFR,"""Key - Value""",key_value,
googleOdlh,gmsOdlhSemanticSegments,"""Start Time""",start_time,datetime
googleOdlh,gmsOdlhSemanticSegments,"""End Time""",end_time,datetime
googleOdlh,gmsOdlhSemanticSegments,"""Segment Type""",segment_type,
googleOdlh,gmsOdlhSemanticSegments,"""Latitude""",latitude,
googleOdlh,gmsOdlhSemanticSegments,"""Longitude""",longitude,
googleOdlh,gmsOdlhSemanticSegments,"""Shown In Timeline""",shown_in_timeline,
googleOdlh,gmsOdlhSemanticSegments,"""Is Finalized""",is_finalized,
googleOdlh,gmsOdlhSemanticSegments,"""Hierarchy Level""",hierarchy_level,
googleOdlh,gmsOdlhSemanticSegments,"""Segment ID""",segment_id,
googleOdlh,gmsOdlhSemanticSegments,"""Obfuscated GAIA ID""",obfuscated_gaia_id,
googleOdlh,gmsOdlhEditedSegments,"""Start Time""",start_time,datetime
googleOdlh,gmsOdlhEditedSegments,"""End Time""",end_time,datetime
googleOdlh,gmsOdlhEditedSegments,"""Block Start Time""",block_start_time,datetime
googleOdlh,gmsOdlhEditedSegments,"""Block End Time""",block_end_time,datetime
googleOdlh,gmsOdlhEditedSegments,"""Segment Type""",segment_type,
googleOdlh,gmsOdlhEditedSegments,"""Is Edit Uploaded""",is_edit_uploaded,
googleOdlh,gmsOdlhEditedSegments,"""Segment ID""",segment_id,
googleOdlh,gmsOdlhEditedSegments,"""Obfuscated GAIA ID""",obfuscated_gaia_id,
FacebookMessenger,get_fb_user_id,"""User ID""",user_id,
FacebookMessenger,get_fb_user_id,"""Source File""",source_file,
FacebookMessenger,get_fb_msys_chats,"""Message Timestamp""",message_timestamp,datetime
FacebookMessenger,get_fb_msys_chats,"""Sender""",sender,
FacebookMessenger,get_fb_msys_chats,"""Sender ID""",sender_id,
FacebookMessenger,get_fb_msys_chats,"""Thread Key""",thread_key,
FacebookMessenger,get_fb_msys_chats,"""Message""",message,
FacebookMessenger,get_fb_msys_chats,"""Snippet""",snippet,
FacebookMessenger,get_fb_msys_chats,"""Call/Location Information""",calllocation_information,
FacebookMessenger,get_fb_msys_chats,"""Attachment Name""",attachment_name,
FacebookMessenger,get_fb_msys_chats,"""Attachment Type""",attachment_type,
FacebookMessenger,get_fb_msys_chats,"""Attachment URL""",attachment_url,
FacebookMessenger,get_fb_msys_chats,"""Location Lat/Long""",location_latlong,
FacebookMessenger,get_fb_msys_chats,"""Reaction""",reaction,
FacebookMessenger,get_fb_msys_chats,"""Reaction Timestamp""",reaction_timestamp,datetime
FacebookMessenger,get_fb_msys_chats,"""Is Admin Message""",is_admin_message,
FacebookMessenger,get_fb_msys_chats,"""Message ID""",message_id,
FacebookMessenger,get_fb_msys_chats,"""Source File""",source_file,
FacebookMessenger,get_fb_msys_chats,"""Direction""",direction,
FacebookMessenger,get_fb_msys_calls,"""Call Timestamp""",call_timestamp,datetime
FacebookMessenger,get_fb_msys_calls,"""Call Duration""",call_duration,
FacebookMessenger,get_fb_msys_calls,"""Party Name""",party_name,
FacebookMessenger,get_fb_msys_calls,"""Call Direction""",call_direction,
FacebookMessenger,get_fb_msys_calls,"""Video Call""",video_call,
FacebookMessenger,get_fb_msys_calls,"""Call Answered""",call_answered,
FacebookMessenger,get_fb_msys_calls,"""Thread Key""",thread_key,
FacebookMessenger,get_fb_msys_calls,"""Source File""",source_file,
FacebookMessenger,get_fb_msys_contacts,"""Facebook ID""",facebook_id,
FacebookMessenger,get_fb_msys_contacts,"""Name""",name,
FacebookMessenger,get_fb_msys_contacts,"""Normalized Name""",normalized_name,
FacebookMessenger,get_fb_msys_contacts,"""User Name""",user_name,
FacebookMessenger,get_fb_msys_contacts,"""Profile Pic URL""",profile_pic_url,
FacebookMessenger,get_fb_msys_contacts,"""Email Address""",email_address,
FacebookMessenger,get_fb_msys_contacts,"""Phone Number""",phone_number,
FacebookMessenger,get_fb_msys_contacts,"""Is Messenger User""",is_messenger_user,
FacebookMessenger,get_fb_msys_contacts,"""Friendship Status""",friendship_status,
FacebookMessenger,get_fb_msys_contacts,"""Birthdate (MM-DD)""",birthdate_mmdd,
FacebookMessenger,get_fb_msys_contacts,"""Source File""",source_file,
FacebookMessenger,get_fb_threads_chats,"""Timestamp""",timestamp,datetime
FacebookMessenger,get_fb_threads_chats,"""Sender Name""",sender_name,
FacebookMessenger,get_fb_threads_chats,"""Sender ID""",sender_id,
FacebookMessenger,get_fb_threads_chats,"""Thread Key""",thread_key,
FacebookMessenger,get_fb_threads_chats,"""Message""",message,
FacebookMessenger,get_fb_threads_chats,"""Snippet""",snippet,
FacebookMessenger,get_fb_threads_chats,"""Attachment Name""",attachment_name,
FacebookMessenger,get_fb_threads_chats,"""Share Name""",share_name,
FacebookMessenger,get_fb_threads_chats,"""Share Description""",share_description,
FacebookMessenger,get_fb_threads_chats,"""Share Link""",share_link,
FacebookMessenger,get_fb_threads_chats,"""Message Reaction""",message_reaction,
FacebookMessenger,get_fb_threads_chats,"""Message Reaction Timestamp""",message_reaction_timestamp,datetime
FacebookMessenger,get_fb_threads_chats,"""Message ID""",message_id,
FacebookMessenger,get_fb_threads_chats,"""Source File""",source_file,
FacebookMessenger,get_fb_threads_calls,"""Timestamp""",timestamp,datetime
FacebookMessenger,get_fb_threads_calls,"""Call Duration""",call_duration,
FacebookMessenger,get_fb_threads_calls,"""Caller ID""",caller_id,
FacebookMessenger,get_fb_threads_calls,"""Receiver Name""",receiver_name,
FacebookMessenger,get_fb_threads_calls,"""Receiver ID""",receiver_id,
FacebookMessenger,get_fb_threads_calls,"""Video Call""",video_call,
FacebookMessenger,get_fb_threads_calls,"""Thread Key""",thread_key,
FacebookMessenger,get_fb_threads_calls,"""Source File""",source_file,
FacebookMessenger,get_fb_threads_contacts,"""User ID""",user_id,
FacebookMessenger,get_fb_threads_contacts,"""First Name""",first_name,
FacebookMessenger,get_fb_threads_contacts,"""Last Name""",last_name,
FacebookMessenger,get_fb_threads_contacts,"""Username""",username,
FacebookMessenger,get_fb_threads_contacts,"""Profile Pic URL""",profile_pic_url,
FacebookMessenger,get_fb_threads_contacts,"""Is Messenger User""",is_messenger_user,
FacebookMessenger,get_fb_threads_contacts,"""Is Friend""",is_friend,
FacebookMessenger,get_fb_threads_contacts,"""Friendship Status""",friendship_status,
FacebookMessenger,get_fb_threads_contacts,"""Contact Relationship Status""",contact_relationship_status,
FacebookMessenger,get_fb_threads_contacts,"""Source File""",source_file,
smembersEvents,get_smembersEvents,"""Created At""",created_at,datetime
smembersEvents,get_smembersEvents,"""Type""",type,
smembersEvents,get_smembersEvents,"""Value""",value,
smembersEvents,get_smembersEvents,"""Snapshot?""",snapshot,
line,get_line,"""user_id""",user_id,
line,get_line,"""user_name""",user_name,
line,get_line_messages,"""Start Time""",start_time,datetime
line,get_line_messages,"""From ID""",from_id,
line,get_line_messages,"""To ID""",to_id,
line,get_line_messages,"""Direction""",direction,
line,get_line_messages,"""Thread ID""",thread_id,
line,get_line_messages,"""Message""",message,
line,get_line_messages,"""Attachments""",attachments,
line,get_line_calls,"""Start Time""",start_time,datetime
line,get_line_calls,"""End Time""",end_time,datetime
line,get_line_calls,"""To ID""",to_id,
line,get_line_calls,"""From ID""",from_id,
line,get_line_calls,"""Direction""",direction,
line,get_line_calls,"""Call Type""",call_type,
shareit,get_shareit,"""direction""",direction,
shareit,get_shareit,"""from_id""",from_id,
shareit,get_shareit,"""to_id""",to_id,
shareit,get_shareit,"""device_name""",device_name,
shareit,get_shareit,"""description""",description,
shareit,get_shareit,"""timestamp""",timestamp,datetime
shareit,get_shareit,"""file_path""",file_path,
GarminPolyline,get_garmin_polyline,"""Activity ID""",activity_id,
GarminPolyline,get_garmin_polyline,"""Start Time GMT""",start_time_gmt,
GarminPolyline,get_garmin_polyline,"""Last Updated""",last_updated,datetime
GarminPolyline,get_garmin_polyline,"""Activity Name""",activity_name,
GarminPolyline,get_garmin_polyline,"""Activity Type""",activity_type,
GarminPolyline,get_garmin_polyline,"""Distance""",distance,
GarminPolyline,get_garmin_polyline,"""Duration (min)""",duration_min,
GarminPolyline,get_garmin_polyline,"""Steps""",steps,
GarminPolyline,get_garmin_polyline,"""Latitude""",latitude,
GarminPolyline,get_garmin_polyline,"""Longitude""",longitude,
GarminPolyline,get_garmin_polyline,"""End Latitude""",end_latitude,
GarminPolyline,get_garmin_polyline,"""End Longitude""",end_longitude,
GarminPolyline,get_garmin_polyline,"""Route Map""",route_map,media
GarminPolyline,get_garmin_polyline,"""Route KML""",route_kml,media
GarminGcmJsonActivities,get_garmin_gcm_json_activities,"""_id""",_id,
GarminGcmJsonActivities,get_garmin_gcm_json_activities,"""saved_timestamp""",saved_timestamp,datetime
GarminGcmJsonActivities,get_garmin_gcm_json_activities,"""concept_id""",concept_id,
GarminGcmJsonActivities,get_garmin_gcm_json_activities,"""data_type""",data_type,
GarminGcmJsonActivities,get_garmin_gcm_json_activities,"""json""",json,
notificationHistory,get_notificationHistory_status,"""Status""",status,
notificationHistory,get_notificationHistory_status,"""User""",user,
notificationHistory,get_notificationHistory_snoozed,"""Reminder Time""",reminder_time,datetime
notificationHistory,get_notificationHistory_snoozed,"""Snoozed Notification""",snoozed_notification,
notificationHistory,get_notificationHistory,"""Posted Time""",posted_time,datetime
notificationHistory,get_notificationHistory,"""Title""",title,
notificationHistory,get_notificationHistory,"""Text""",text,
notificationHistory,get_notificationHistory,"""Package Name""",package_name,
notificationHistory,get_notificationHistory,"""User ID""",user_id,
notificationHistory,get_notificationHistory,"""UID""",uid,
notificationHistory,get_notificationHistory,"""Package Index""",package_index,
notificationHistory,get_notificationHistory,"""Channel Name""",channel_name,
notificationHistory,get_notificationHistory,"""Channel Name Index""",channel_name_index,
notificationHistory,get_notificationHistory,"""Channel ID""",channel_id,
notificationHistory,get_notificationHistory,"""Channel ID Index""",channel_id_index,
notificationHistory,get_notificationHistory,"""Conversation ID""",conversation_id,
notificationHistory,get_notificationHistory,"""Conversation ID Index""",conversation_id_index,
notificationHistory,get_notificationHistory,"""Major Version""",major_version,
notificationHistory,get_notificationHistory,"""Image Type""",image_type,
notificationHistory,get_notificationHistory,"""Image Bitmap Filename""",image_bitmap_filename,
notificationHistory,get_notificationHistory,"""Image Resource ID""",image_resource_id,
notificationHistory,get_notificationHistory,"""Image Resource ID Package""",image_resource_id_package,
notificationHistory,get_notificationHistory,"""Image Data Length""",image_data_length,
notificationHistory,get_notificationHistory,"""Image Data Offset""",image_data_offset,
notificationHistory,get_notificationHistory,"""Image URI""",image_uri,
notificationHistory,get_notificationHistory,"""Protobuf File Name""",protobuf_file_name,
notificationHistory,get_notificationHistory,"""Timestamp From Protobuf File Name""",timestamp_from_protobuf_file_name,datetime
gboard,get_gboardCache,"""Timestamp""",timestamp,datetime
gboard,get_gboardCache,"""Text""",text,
gboard,get_gboardCache,"""HTML Text""",html_text,
gboard,get_gboardCache,"""URI""",uri,
gboard,get_gboardCache,"""Image""",image,media
gboard,get_gboardCache,"""Item Type""",item_type,
gboard,get_gboardCache,"""Entity Type""",entity_type,
gboard,get_gboardCache,"""ID""",id,
gboard,get_gboardCache_keystrokes,"""Source""",source,
gboard,get_gboardCache_keystrokes,"""Event Timestamp""",event_timestamp,datetime
gboard,get_gboardCache_keystrokes,"""ID""",id,
gboard,get_gboardCache_keystrokes,"""Text""",text,
gboard,get_gboardCache_keystrokes,"""App""",app,
gboard,get_gboardCache_keystrokes,"""Input Name""",input_name,
gboard,get_gboardCache_keystrokes,"""Input ID""",input_id,
gboard,get_gboardCache_sessions,"""_session_id (as timestamp)""",_session_id_as_timestamp,datetime
gboard,get_gboardCache_sessions,"""_timestamp_""",_timestamp_,datetime
gboard,get_gboardCache_sessions,"""Session ID""",session_id,
gboard,get_gboardCache_sessions,"""Application""",application,
NikeActivities,get_nike_activities,"""Activity ID""",activity_id,
NikeActivities,get_nike_activities,"""Name""",name,
NikeActivities,get_nike_activities,"""Start Time UTC""",start_time_utc,datetime
NikeActivities,get_nike_activities,"""End Time UTC""",end_time_utc,datetime
NikeActivities,get_nike_activities,"""Location""",location,
NikeActivities,get_nike_activities,"""Source""",source,
NikeActivities,get_nike_activities,"""Version""",version,
NikeActivities,get_nike_activities,"""Temperature""",temperature,
NikeActivities,get_nike_activities,"""Weather""",weather,
NikeActivities,get_nike_activities,"""Duration (min)""",duration_min,
NikeActivities,get_nike_activities,"""Calories""",calories,
NikeActivities,get_nike_activities,"""Max Speed""",max_speed,
NikeActivities,get_nike_activities,"""Mean Speed""",mean_speed,
NikeActivities,get_nike_activities,"""Steps""",steps,
NikeActivities,get_nike_activities,"""Distance""",distance,
NikeActivities,get_nike_activities,"""Pace""",pace,
NikeActivities,get_nike_activities,"""Cadence""",cadence,
chromeDIPS,get_chromeDIPS,"""Site""",site,
chromeDIPS,get_chromeDIPS,"""First Site Storage Timestamp""",first_site_storage_timestamp,
chromeDIPS,get_chromeDIPS,"""Last Site Storage Timestamp""",last_site_storage_timestamp,
chromeDIPS,get_chromeDIPS,"""First User Interaction Timestamp""",first_user_interaction_timestamp,
chromeDIPS,get_chromeDIPS,"""Last User Interaction Timestamp""",last_user_interaction_timestamp,
chromeDIPS,get_chromeDIPS,"""First Stateful Bounce Timestamp""",first_stateful_bounce_timestamp,
chromeDIPS,get_chromeDIPS,"""Last Stateful Bounce Timestamp""",last_stateful_bounce_timestamp,
chromeDIPS,get_chromeDIPS,"""First Stateless Bounce Timestamp""",first_stateless_bounce_timestamp,
chromeDIPS,get_chromeDIPS,"""Last Stateless Bounce Timestamp""",last_stateless_bounce_timestamp,
accounts_ce,accounts_ce,"""Account Type""",account_type,
accounts_ce,accounts_ce,"""Account Name""",account_name,
accounts_ce,accounts_ce,"""Password""",password,
accounts_ce,accounts_ce_authtokens,"""Account Type""",account_type,
accounts_ce,accounts_ce_authtokens,"""Account Name""",account_name,
accounts_ce,accounts_ce_authtokens,"""Authtoken Type""",authtoken_type,
accounts_ce,accounts_ce_authtokens,"""Authtoken""",authtoken,
sWipehist,get_sWipehist,"""Timestamp""",timestamp,
sWipehist,get_sWipehist,"""Wipe""",wipe,
sWipehist,get_sWipehist,"""Prompt & Wipe""",prompt_wipe,
sWipehist,get_sWipehist,"""Reason""",reason,
sWipehist,get_sWipehist,"""Provider""",provider,
sWipehist,get_sWipehist,"""Reboot Reason""",reboot_reason,
sWipehist,get_sWipehist,"""Locale""",locale,
sWipehist,get_sWipehist,"""Request Timestamp""",request_timestamp,
browserCachechrome,get_browserCachechrome,"""Timestamp Modified""",timestamp_modified,datetime
browserCachechrome,get_browserCachechrome,"""Filename""",filename,
browserCachechrome,get_browserCachechrome,"""Mime Type""",mime_type,
browserCachechrome,get_browserCachechrome,"""Cached File""",cached_file,media
browserCachechrome,get_browserCachechrome,"""Source URL""",source_url,
browserCachechrome,get_browserCachechrome,"""Source""",source,
ZangiChats,zangichats,"""Timestamp""",timestamp,datetime
ZangiChats,zangichats,"""Chat""",chat,
ZangiChats,zangichats,"""Chat-ID""",chatid,
ZangiChats,zangichats,"""Message-ID""",messageid,
ZangiChats,zangichats,"""Sender Name""",sender_name,
ZangiChats,zangichats,"""From ID""",from_id,
ZangiChats,zangichats,"""Receiver""",receiver,
ZangiChats,zangichats,"""To ID""",to_id,
ZangiChats,zangichats,"""Message""",message,
ZangiChats,zangichats,"""Attachment File""",attachment_file,media
ZangiChats,zangichats,"""From Me""",from_me,
teams,get_teams,"""Timestamp""",timestamp,datetime
teams,get_teams,"""User Display Name""",user_display_name,
teams,get_teams,"""Content""",content,
teams,get_teams,"""Topic Name""",topic_name,
teams,get_teams,"""Delete Time""",delete_time,datetime
teams,get_teams,"""Conversation ID""",conversation_id,
teams,get_teams,"""Message ID""",message_id,
teams,get_teams_users,"""Last Sync""",last_sync,datetime
teams,get_teams_users,"""Given Name""",given_name,
teams,get_teams_users,"""Surname""",surname,
teams,get_teams_users,"""Display Name""",display_name,
teams,get_teams_users,"""Email""",email,
teams,get_teams_users,"""Secondary Email""",secondary_email,
teams,get_teams_users,"""Alt. Email""",alt_email,
teams,get_teams_users,"""Telephone Number""",telephone_number,phonenumber
teams,get_teams_users,"""Home Number""",home_number,phonenumber
teams,get_teams_users,"""Account Enabled?""",account_enabled,
teams,get_teams_users,"""Type""",type,
teams,get_teams_users,"""User Type""",user_type,
teams,get_teams_users,"""Is Teams User?""",is_teams_user,
teams,get_teams_users,"""Is Private Chat Enabled?""",is_private_chat_enabled,
teams,get_teams_calllog,"""Connect Time""",connect_time,datetime
teams,get_teams_calllog,"""End Time""",end_time,datetime
teams,get_teams_calllog,"""Call State""",call_state,
teams,get_teams_calllog,"""Call Type""",call_type,
teams,get_teams_calllog,"""Originator""",originator,
teams,get_teams_calllog,"""Call Direction""",call_direction,
teams,get_teams_calllog,"""Target Participant Name""",target_participant_name,
teams,get_teams_calllog,"""Session Type""",session_type,
teams,get_teams_activity,"""Timestamp""",timestamp,datetime
teams,get_teams_activity,"""Display Name""",display_name,
teams,get_teams_activity,"""Message Preview""",message_preview,
teams,get_teams_activity,"""Activity Type""",activity_type,
teams,get_teams_activity,"""Activity Subtype""",activity_subtype,
teams,get_teams_activity,"""Is read?""",is_read,
teams,get_teams_fileinfo,"""Timestamp""",timestamp,
teams,get_teams_fileinfo,"""File Name""",file_name,
teams,get_teams_fileinfo,"""Type""",type,
teams,get_teams_fileinfo,"""Object URL""",object_url,
teams,get_teams_fileinfo,"""Is Folder?""",is_folder,
teams,get_teams_fileinfo,"""Last Modified By""",last_modified_by,
googleChat,get_googleChat,"""Message Timestamp""",message_timestamp,datetime
googleChat,get_googleChat,"""Group Name""",group_name,
googleChat,get_googleChat,"""Sender""",sender,
googleChat,get_googleChat,"""Message""",message,
googleChat,get_googleChat,"""Meeting Code""",meeting_code,
googleChat,get_googleChat,"""Meeting URL""",meeting_url,
googleChat,get_googleChat,"""Meeting Sender""",meeting_sender,
googleChat,get_googleChat,"""Meeting Sender Profile Pic URL""",meeting_sender_profile_pic_url,
googleChat,get_googleChat,"""Filename""",filename,
googleChat,get_googleChat,"""File Type""",file_type,
googleChat,get_googleChat,"""Width""",width,
googleChat,get_googleChat,"""Height""",height,
googleChat,get_googleChat,"""Source File""",source_file,
googleChat,get_googleChat,"""Group ID""",group_id,
googleChat,get_googleChat,"""Direction""",direction,
googleChat,get_googleChat_groups,"""Group Created Time""",group_created_time,datetime
googleChat,get_googleChat_groups,"""Group Name""",group_name,
googleChat,get_googleChat_groups,"""Group Creator""",group_creator,
googleChat,get_googleChat_groups,"""Group Last Viewed""",group_last_viewed,datetime
googleChat,get_googleChat_groups,"""Source File""",source_file,
googleChat,get_googleChat_drafts,"""Group ID""",group_id,
googleChat,get_googleChat_drafts,"""Topic ID""",topic_id,
googleChat,get_googleChat_drafts,"""Message""",message,
googleChat,get_googleChat_drafts,"""Group Name""",group_name,
googleChat,get_googleChat_drafts,"""Group Type""",group_type,
googleChat,get_googleChat_drafts,"""Source File""",source_file,
googleChat,get_googleChat_users,"""Last Updated Time""",last_updated_time,datetime
googleChat,get_googleChat_users,"""User ID""",user_id,
googleChat,get_googleChat_users,"""Name""",name,
googleChat,get_googleChat_users,"""Email""",email,
googleChat,get_googleChat_users,"""Avatar URL""",avatar_url,
googleChat,get_googleChat_users,"""Dasher Customer ID""",dasher_customer_id,
googleChat,get_googleChat_users,"""Source File""",source_file,
wifiHotspot,get_wifiHotspot,"""SSID""",ssid,
wifiHotspot,get_wifiHotspot,"""Passphrase""",passphrase,
wifiHotspot,get_wifiHotspot,"""SecurityType""",securitytype,
torrentResumeinfo,get_torrentResumeinfo,"""File""",file,
torrentResumeinfo,get_torrentResumeinfo,"""InfoHash""",infohash,
torrentResumeinfo,get_torrentResumeinfo,"""Data""",data,
googleQuickSearchboxRecent,get_quicksearch_recent,"""Timestamp""",timestamp,datetime
googleQuickSearchboxRecent,get_quicksearch_recent,"""Search Query""",search_query,
googleQuickSearchboxRecent,get_quicksearch_recent,"""Screenshot""",screenshot,media
googleQuickSearchboxRecent,get_quicksearch_recent,"""Protobuf Data""",protobuf_data,
googleQuickSearchboxRecent,get_quicksearch_recent,"""Source File""",source_file,
imagemngCache,get_imagemngCache,"""Timestamp Last Modified""",timestamp_last_modified,datetime
imagemngCache,get_imagemngCache,"""Media""",media,media
imagemngCache,get_imagemngCache,"""Filename""",filename,
imagemngCache,get_imagemngCache,"""Source File""",source_file,
GarminFacebook,get_garminFB,"""Name""",name,
GarminFacebook,get_garminFB,"""Value""",value,
kleinanzeigen.de,get_kleinanzeigenrecentsearchescache,"""Search Term""",search_term,
kleinanzeigen.de,get_kleinanzeigenrecentsearchescache,"""Category""",category,
kleinanzeigen.de,get_kleinanzeigenrecentsearchescache,"""Search Timestamp""",search_timestamp,datetime
kleinanzeigen.de,get_kleinanzeigennonresettablerecentsearchescache,"""Search Term""",search_term,
kleinanzeigen.de,get_kleinanzeigennonresettablerecentsearchescache,"""Category""",category,
kleinanzeigen.de,get_kleinanzeigennonresettablerecentsearchescache,"""Search Timestamp""",search_timestamp,datetime
kleinanzeigen.de,get_kleinanzeigenaccount,"""Account Profile Name""",account_profile_name,
kleinanzeigen.de,get_kleinanzeigenaccount,"""Account Profile Initials""",account_profile_initials,
kleinanzeigen.de,get_kleinanzeigenaccount,"""Account Last Used Email Address""",account_last_used_email_address,
kleinanzeigen.de,get_kleinanzeigenaccount,"""Account Authenticated Email Address""",account_authenticated_email_address,
kleinanzeigen.de,get_kleinanzeigenaccount,"""Account User Id""",account_user_id,
kleinanzeigen.de,get_kleinanzeigenaccount,"""Account Phone Number""",account_phone_number,phonenumber
kleinanzeigen.de,get_kleinanzeigenaccount,"""Account Type""",account_type,
kleinanzeigen.de,get_kleinanzeigenaccount,"""Account Registered since""",account_registered_since,datetime
kleinanzeigen.de,get_kleinanzeigenaccount,"""Saved Location Longitude""",saved_location_longitude,
kleinanzeigen.de,get_kleinanzeigenaccount,"""Saved Location Latitude""",saved_location_latitude,
kleinanzeigen.de,get_kleinanzeigenmessagebox,"""Counterparty""",counterparty,
kleinanzeigen.de,get_kleinanzeigenmessagebox,"""Ad Title""",ad_title,
kleinanzeigen.de,get_kleinanzeigenmessagebox,"""Ad Number""",ad_number,
kleinanzeigen.de,get_kleinanzeigenmessagebox,"""Number of Messages""",number_of_messages,
kleinanzeigen.de,get_kleinanzeigenmessagebox,"""Last Message Time""",last_message_time,datetime
kleinanzeigen.de,get_kleinanzeigenmessagebox,"""Counterparty Identifier""",counterparty_identifier,
kleinanzeigen.de,get_kleinanzeigenmessages,"""Timestamp""",timestamp,datetime
kleinanzeigen.de,get_kleinanzeigenmessages,"""Counterparty""",counterparty,
kleinanzeigen.de,get_kleinanzeigenmessages,"""Ad Title""",ad_title,
kleinanzeigen.de,get_kleinanzeigenmessages,"""Ad Number""",ad_number,
kleinanzeigen.de,get_kleinanzeigenmessages,"""Message Text""",message_text,
kleinanzeigen.de,get_kleinanzeigenmessages,"""Direction""",direction,
kleinanzeigen.de,get_kleinanzeigenmessages,"""Message State""",message_state,
deviceHealthServices_AppUsage,get_Turbo_AppUsage,"""App Launch Timestamp""",app_launch_timestamp,datetime
deviceHealthServices_AppUsage,get_Turbo_AppUsage,"""App Name""",app_name,
tangomessage,get_tangomessage,"""Create Time""",create_time,datetime
tangomessage,get_tangomessage,"""Direction""",direction,
tangomessage,get_tangomessage,"""Message""",message,
GarminStepsAPI,get_steps_api,"""Date""",date,
GarminStepsAPI,get_steps_api,"""Steps""",steps,
GarminStepsAPI,get_steps_api,"""Calories""",calories,
GarminStepsAPI,get_steps_api,"""Distance""",distance,
GarminStepsAPI,get_steps_api,"""Floors Asc""",floors_asc,
GarminStepsAPI,get_steps_api,"""Floors Desc""",floors_desc,
burnerContacts,get_burnerContacts,"""Contact ID""",contact_id,
burnerContacts,get_burnerContacts,"""Phone Number""",phone_number,phonenumber
googleVoice,googlevoice_accounts,"""Account Number""",account_number,
googleVoice,googlevoice_accounts,"""Full Name""",full_name,
googleVoice,googlevoice_accounts,"""Email Address""",email_address,
googleVoice,googlevoice_accounts,"""Linked Phone Number""",linked_phone_number,
googleVoice,googlevoice_accounts,"""Current Google Voice Number""",current_google_voice_number,
googleVoice,googlevoice_calls,"""Timestamp""",timestamp,datetime
googleVoice,googlevoice_calls,"""Account Number""",account_number,
googleVoice,googlevoice_calls,"""Direction""",direction,
googleVoice,googlevoice_calls,"""Caller""",caller,
googleVoice,googlevoice_calls,"""Recipient""",recipient,
googleVoice,googlevoice_calls,"""Call Status""",call_status,
googleVoice,googlevoice_calls,"""Voicemail Left""",voicemail_left,
googleVoice,googlevoice_calls,"""Duration""",duration,
googleVoice,googlevoice_calls,"""Call Recording""",call_recording,media
googleVoice,googlevoice_voicemails,"""Timestamp""",timestamp,datetime
googleVoice,googlevoice_voicemails,"""Account Number""",account_number,
googleVoice,googlevoice_voicemails,"""Caller""",caller,
googleVoice,googlevoice_voicemails,"""Recipient""",recipient,
googleVoice,googlevoice_voicemails,"""Duration""",duration,
googleVoice,googlevoice_voicemails,"""Read Status""",read_status,
googleVoice,googlevoice_voicemails,"""Transcript""",transcript,
googleVoice,googlevoice_voicemails,"""Audio File""",audio_file,media
googleVoice,googlevoice_messages,"""Timestamp""",timestamp,datetime
googleVoice,googlevoice_messages,"""Account Number""",account_number,
googleVoice,googlevoice_messages,"""Conversation ID""",conversation_id,
googleVoice,googlevoice_messages,"""Direction""",direction,
googleVoice,googlevoice_messages,"""Sender""",sender,
googleVoice,googlevoice_messages,"""Recipient(s)""",recipients,
googleVoice,googlevoice_messages,"""Read Status""",read_status,
googleVoice,googlevoice_messages,"""Message""",message,
googleVoice,googlevoice_messages,"""Image""",image,media
samsungWifiDatabases,samsungWifiConfigStoreDb,"""Creation Time""",creation_time,datetime
samsungWifiDatabases,samsungWifiConfigStoreDb,"""Config Key""",config_key,
samsungWifiDatabases,samsungWifiConfigStoreDb,"""Network Score""",network_score,
samsungWifiDatabases,samsungWifiConfigStoreDb,"""Captive Portal""",captive_portal,
samsungWifiDatabases,samsungWifiConfigStoreDb,"""Lock Down""",lock_down,
samsungWifiDatabases,samsungWifiConfigStoreDb,"""No Internet Access Expected""",no_internet_access_expected,
samsungWifiDatabases,samsungWifiConfigStoreDb,"""Network Disable Reason""",network_disable_reason,
samsungWifiDatabases,samsungWifiGeofence,"""Time""",time,datetime
samsungWifiDatabases,samsungWifiGeofence,"""Time Major""",time_major,datetime
samsungWifiDatabases,samsungWifiGeofence,"""Config Key""",config_key,
samsungWifiDatabases,samsungWifiGeofence,"""BSSID""",bssid,
samsungWifiDatabases,samsungWifiGeofence,"""Latitude""",latitude,
samsungWifiDatabases,samsungWifiGeofence,"""Longitude""",longitude,
samsungWifiDatabases,samsungWifiGeofence,"""Coordinate Source""",coordinate_source,
samsungWifiDatabases,samsungWifiGeofence,"""Latitude Major""",latitude_major,
samsungWifiDatabases,samsungWifiGeofence,"""Longitude Major""",longitude_major,
samsungWifiDatabases,samsungWifiGeofence,"""Location ID""",location_id,
samsungWifiDatabases,samsungWifiGeofence,"""Network ID""",network_id,
FCMQueuedMessagesXbox,get_fcm_xbox,"""FCM Key""",fcm_key,
FCMQueuedMessagesXbox,get_fcm_xbox,"""FCM Timestamp""",fcm_timestamp,datetime
FCMQueuedMessagesXbox,get_fcm_xbox,"""Conversation ID""",conversation_id,
FCMQueuedMessagesXbox,get_fcm_xbox,"""Message Timestamp""",message_timestamp,datetime
FCMQueuedMessagesXbox,get_fcm_xbox,"""Sender""",sender,
FCMQueuedMessagesXbox,get_fcm_xbox,"""Text""",text,
FCMQueuedMessagesXbox,get_fcm_xbox,"""Content""",content,
FCMQueuedMessagesXbox,get_fcm_xbox_party,"""FCM Key""",fcm_key,
FCMQueuedMessagesXbox,get_fcm_xbox_party,"""FCM Timestamp""",fcm_timestamp,datetime
FCMQueuedMessagesXbox,get_fcm_xbox_party,"""Sender""",sender,
FCMQueuedMessagesXbox,get_fcm_xbox_presence,"""FCM Key""",fcm_key,
FCMQueuedMessagesXbox,get_fcm_xbox_presence,"""FCM Timestamp""",fcm_timestamp,datetime
FCMQueuedMessagesXbox,get_fcm_xbox_presence,"""User""",user,
samsung_honeyboard_clipboard,get_honeyboard_clipboard_live,"""Timestamp (UTC)""",timestamp_utc,datetime
samsung_honeyboard_clipboard,get_honeyboard_clipboard_live,"""ID""",id,
samsung_honeyboard_clipboard,get_honeyboard_clipboard_live,"""Type""",type,
samsung_honeyboard_clipboard,get_honeyboard_clipboard_live,"""Clipboard Content""",clipboard_content,
samsung_honeyboard_clipboard,get_honeyboard_clipboard_live,"""Source App""",source_app,
samsung_honeyboard_clipboard,get_honeyboard_clipboard_live,"""User ID""",user_id,
samsung_honeyboard_clipboard,get_honeyboard_clipboard_live,"""DB Schema""",db_schema,
samsung_honeyboard_clipboard,get_honeyboard_clipboard_live,"""HTML Content""",html_content,
samsung_honeyboard_clipboard,get_honeyboard_clipboard_live,"""URI""",uri,
samsung_honeyboard_clipboard,get_honeyboard_clipboard_deleted,"""Timestamp (UTC)""",timestamp_utc,datetime
samsung_honeyboard_clipboard,get_honeyboard_clipboard_deleted,"""ID""",id,
samsung_honeyboard_clipboard,get_honeyboard_clipboard_deleted,"""Type""",type,
samsung_honeyboard_clipboard,get_honeyboard_clipboard_deleted,"""Clipboard Content""",clipboard_content,
samsung_honeyboard_clipboard,get_honeyboard_clipboard_deleted,"""Source App""",source_app,
samsung_honeyboard_clipboard,get_honeyboard_clipboard_deleted,"""User ID""",user_id,
samsung_honeyboard_clipboard,get_honeyboard_clipboard_deleted,"""WAL Frame""",wal_frame,
samsung_honeyboard_clipboard,get_honeyboard_clipboard_deleted,"""WAL Page""",wal_page,
samsung_honeyboard_clipboard,get_honeyboard_screenshot,"""Clipboard Copy Time (UTC)""",clipboard_copy_time_utc,datetime
samsung_honeyboard_clipboard,get_honeyboard_screenshot,"""Capture Time (EXIF / device local)""",capture_time_exif_device_local,
samsung_honeyboard_clipboard,get_honeyboard_screenshot,"""Source App (from SEFT trailer)""",source_app_from_seft_trailer,
samsung_honeyboard_clipboard,get_honeyboard_screenshot,"""Dimensions""",dimensions,
samsung_honeyboard_clipboard,get_honeyboard_screenshot,"""Thumbnail""",thumbnail,media
samsung_honeyboard_clipboard,get_honeyboard_screenshot,"""Source Path""",source_path,
chromeLoginData,get_chromeLoginData,"""Created Time""",created_time,
chromeLoginData,get_chromeLoginData,"""Username""",username,
chromeLoginData,get_chromeLoginData,"""Password""",password,
chromeLoginData,get_chromeLoginData,"""Origin URL""",origin_url,
chromeLoginData,get_chromeLoginData,"""Blacklisted by User""",blacklisted_by_user,
frosting,frosting,"""Last Updated Timestamp""",last_updated_timestamp,datetime
frosting,frosting,"""App Package Name""",app_package_name,
frosting,frosting,"""APK Path""",apk_path,
AdidasGoals,get_adidas_goals,"""ID""",id,
AdidasGoals,get_adidas_goals,"""Metric""",metric,
AdidasGoals,get_adidas_goals,"""Remote ID""",remote_id,
AdidasGoals,get_adidas_goals,"""User ID""",user_id,
AdidasGoals,get_adidas_goals,"""Version""",version,
AdidasGoals,get_adidas_goals,"""Target""",target,
AdidasGoals,get_adidas_goals,"""Recurrence""",recurrence,
AdidasGoals,get_adidas_goals,"""Start Date""",start_date,
AdidasGoals,get_adidas_goals,"""End Date""",end_date,
AdidasGoals,get_adidas_goals,"""Sport Types""",sport_types,
AdidasGoals,get_adidas_goals,"""Created At""",created_at,datetime
AdidasGoals,get_adidas_goals,"""Updated At""",updated_at,datetime
AdidasGoals,get_adidas_goals,"""Deleted At""",deleted_at,datetime
settingsSecure,get_settingsSecure,"""User""",user,
settingsSecure,get_settingsSecure,"""Name""",name,
settingsSecure,get_settingsSecure,"""Value""",value,
errp,get_errp,"""Timestamp""",timestamp,
errp,get_errp,"""Timestamp (Local)""",timestamp_local,
errp,get_errp,"""Event""",event,
errp,get_errp,"""Code""",code,
errp,get_errp,"""Details""",details,
gmailEmails,gmailEmails,"""Timestamp""",timestamp,datetime
gmailEmails,gmailEmails,"""Email ID""",email_id,
gmailEmails,gmailEmails,"""Message""",message,
gmailEmails,gmailEmails,"""Attachment""",attachment,media
gmailEmails,gmailEmails,"""Attachment Name""",attachment_name,
gmailEmails,gmailEmails,"""Recipient""",recipient,
gmailEmails,gmailEmails,"""Recipient Name""",recipient_name,
gmailEmails,gmailEmails,"""Reply To""",reply_to,
gmailEmails,gmailEmails,"""Reply To Name""",reply_to_name,
gmailEmails,gmailEmails,"""Subject Line""",subject_line,
gmailEmails,gmailEmails,"""Mailed By""",mailed_by,
gmailEmails,gmailEmails,"""Signed by""",signed_by,
gmailEmails,gmailEmails,"""Source File""",source_file,
gmailEmails,gmailLabels,"""Label""",label,
gmailEmails,gmailLabels,"""Unread Count""",unread_count,
gmailEmails,gmailLabels,"""Total Count""",total_count,
gmailEmails,gmailLabels,"""Unseen Count""",unseen_count,
gmailEmails,gmailLabels,"""Source File""",source_file,
gmailEmails,gmailDownloadRequests,"""Timestamp Requested""",timestamp_requested,datetime
gmailEmails,gmailDownloadRequests,"""Account Name""",account_name,
gmailEmails,gmailDownloadRequests,"""Download Type""",download_type,
gmailEmails,gmailDownloadRequests,"""Caller ID""",caller_id,
gmailEmails,gmailDownloadRequests,"""URL""",url,
gmailEmails,gmailDownloadRequests,"""Target File Path""",target_file_path,
gmailEmails,gmailDownloadRequests,"""Target File Size""",target_file_size,
gmailEmails,gmailDownloadRequests,"""Priority""",priority,
googleCalendar,get_calendar,"""Event Start Timestamp""",event_start_timestamp,datetime
googleCalendar,get_calendar,"""Event End Timestamp""",event_end_timestamp,datetime
googleCalendar,get_calendar,"""Event Timezone""",event_timezone,
googleCalendar,get_calendar,"""Title""",title,
googleCalendar,get_calendar,"""Description""",description,
googleCalendar,get_calendar,"""Event Location""",event_location,
googleCalendar,get_calendar,"""Sync ID""",sync_id,
googleCalendar,get_calendar,"""Organizer""",organizer,
googleCalendar,get_calendar,"""Calendar Display Name""",calendar_display_name,
googleCalendar,get_calendar,"""All Day Event""",all_day_event,
googleCalendar,get_calendar,"""Has Alarm""",has_alarm,
googleCalendar,get_calendar_calendars,"""Created Timestamp""",created_timestamp,datetime
googleCalendar,get_calendar_calendars,"""Calendar Name""",calendar_name,
googleCalendar,get_calendar_calendars,"""Calendar Display Name""",calendar_display_name,
googleCalendar,get_calendar_calendars,"""Account Name""",account_name,
googleCalendar,get_calendar_calendars,"""Account Type""",account_type,
googleCalendar,get_calendar_calendars,"""Visible""",visible,
googleCalendar,get_calendar_calendars,"""Calendar Location""",calendar_location,
googleCalendar,get_calendar_calendars,"""Timezone""",timezone,
googleCalendar,get_calendar_calendars,"""Owner Account""",owner_account,
googleCalendar,get_calendar_calendars,"""Is Primary""",is_primary,
googleCalendar,get_calendar_calendars,"""Color""",color,
googleCalendar,get_calendar_calendars,"""Color Index""",color_index,
googleCalendar,googleCalendarAppEvents,"""Start""",start,datetime
googleCalendar,googleCalendarAppEvents,"""End""",end,datetime
googleCalendar,googleCalendarAppEvents,"""Title""",title,
googleCalendar,googleCalendarAppEvents,"""Description""",description,
googleCalendar,googleCalendarAppEvents,"""Account""",account,
googleCalendar,googleCalendarAppEvents,"""Calendar Name""",calendar_name,
googleCalendar,googleCalendarAppEvents,"""Calendar ID""",calendar_id,
googleCalendar,googleCalendarAppEvents,"""Created""",created,datetime
googleCalendar,googleCalendarAppEvents,"""Updated""",updated,datetime
googleCalendar,googleCalendarAppEvents,"""Event Type""",event_type,
googleCalendar,googleCalendarAppEvents,"""To Be Removed""",to_be_removed,
googleCalendar,googleCalendarAppEvents,"""Event Web Link""",event_web_link,
googleCalendar,googleCalendarAppEvents,"""iCal UID""",ical_uid,
googleCalendar,googleCalendarAppEvents,"""Event ID""",event_id,
L360driveblade,Life360_Drives,"""Drive ID""",drive_id,
L360driveblade,Life360_Drives,"""User ID""",user_id,
L360driveblade,Life360_Drives,"""Start Time""",start_time,datetime
L360driveblade,Life360_Drives,"""End Time""",end_time,datetime
L360driveblade,Life360_Drives,"""Top Speed (as stored)""",top_speed_as_stored,
L360driveblade,Life360_Drives,"""Top Speed MPH (assumes m/s)""",top_speed_mph_assumes_ms,
L360driveblade,Life360_Drives,"""Average Speed (as stored)""",average_speed_as_stored,
L360driveblade,Life360_Drives,"""Average Speed MPH (assumes m/s)""",average_speed_mph_assumes_ms,
L360driveblade,Life360_Drives,"""Distance""",distance,
L360driveblade,Life360_Drives,"""Duration""",duration,
L360driveblade,Life360_Drives,"""Speeding Events""",speeding_events,
L360driveblade,Life360_Drives,"""Hard Braking Events""",hard_braking_events,
L360driveblade,Life360_Drives,"""Rapid Acceleration Events""",rapid_acceleration_events,
L360driveblade,Life360_Drives,"""Distracted Events""",distracted_events,
L360driveblade,Life360_Drives,"""Crash Events""",crash_events,
L360driveblade,Life360_Drives,"""Score""",score,
L360driveblade,Life360_Drives,"""Updated At""",updated_at,datetime
L360driveblade,Life360_DriveEvents,"""Event ID""",event_id,
L360driveblade,Life360_DriveEvents,"""Drive ID""",drive_id,
L360driveblade,Life360_DriveEvents,"""User ID""",user_id,
L360driveblade,Life360_DriveEvents,"""Event Time""",event_time,datetime
L360driveblade,Life360_DriveEvents,"""Event Type""",event_type,
L360driveblade,Life360_DriveEvents,"""Latitude""",latitude,
L360driveblade,Life360_DriveEvents,"""Longitude""",longitude,
L360driveblade,Life360_DriveEvents,"""Speed (as stored)""",speed_as_stored,
L360driveblade,Life360_DriveEvents,"""Speed MPH (assumes m/s)""",speed_mph_assumes_ms,
L360driveblade,Life360_DriveEvents,"""Accuracy""",accuracy,
L360driveblade,Life360_DriveWaypoints,"""Drive ID""",drive_id,
L360driveblade,Life360_DriveWaypoints,"""User ID""",user_id,
L360driveblade,Life360_DriveWaypoints,"""Timestamp""",timestamp,datetime
L360driveblade,Life360_DriveWaypoints,"""Latitude""",latitude,
L360driveblade,Life360_DriveWaypoints,"""Longitude""",longitude,
L360driveblade,Life360_DriveWaypoints,"""Speed (as stored)""",speed_as_stored,
L360driveblade,Life360_DriveWaypoints,"""Speed MPH (assumes m/s)""",speed_mph_assumes_ms,
L360driveblade,Life360_DriveWaypoints,"""Accuracy""",accuracy,
accounts_de,accounts_de,"""Last password entry""",last_password_entry,datetime
accounts_de,accounts_de,"""Account Type""",account_type,
accounts_de,accounts_de,"""Account Name""",account_name,
accounts_de,accounts_de,"""Action Type""",action_type,
accounts_de,accounts_de,"""Debug Time""",debug_time,datetime
vaulty_info,get_vaulty_info,"""Key""",key,
vaulty_info,get_vaulty_info,"""Value""",value,
firefoxRecentlyClosedTabs,get_firefoxRecentlyClosedTabs,"""Timestamp""",timestamp,datetime
firefoxRecentlyClosedTabs,get_firefoxRecentlyClosedTabs,"""Title""",title,
firefoxRecentlyClosedTabs,get_firefoxRecentlyClosedTabs,"""URL""",url,
ulrUserprefs,get_urluser,"""Name""",name,
ulrUserprefs,get_urluser,"""Value""",value,
gmailIMAPEmails,gmailIMAPEmails,"""Timestamp""",timestamp,datetime
gmailIMAPEmails,gmailIMAPEmails,"""_id""",_id,
gmailIMAPEmails,gmailIMAPEmails,"""Snippet""",snippet,
gmailIMAPEmails,gmailIMAPEmails,"""Body(TXT)""",bodytxt,
gmailIMAPEmails,gmailIMAPEmails,"""Body(HTML)""",bodyhtml,
gmailIMAPEmails,gmailIMAPEmails,"""Recipient""",recipient,
gmailIMAPEmails,gmailIMAPEmails,"""Reply To""",reply_to,
gmailIMAPEmails,gmailIMAPEmails,"""Subject Line""",subject_line,
gmailIMAPEmails,gmailIMAPEmails,"""From""",from,
gmailIMAPEmails,gmailIMAPEmails,"""Display Name""",display_name,
gmailIMAPEmails,gmailIMAPEmails,"""Read""",read,
gmailIMAPEmails,gmailIMAPEmails,"""AttachmentFlag""",attachmentflag,
gmailIMAPEmails,gmailIMAPEmails,"""Attachments""",attachments,media
gmailIMAPEmails,gmailIMAPEmails,"""Mailbox Folder""",mailbox_folder,
gmailIMAPEmails,gmailIMAPEmails,"""Source File""",source_file,
gmailIMAPEmails,gmailIMAPAccounts,"""_id""",_id,
gmailIMAPEmails,gmailIMAPAccounts,"""displayName""",displayname,
gmailIMAPEmails,gmailIMAPAccounts,"""emailAddress""",emailaddress,
gmailIMAPEmails,gmailIMAPAccounts,"""senderName""",sendername,
gmailIMAPEmails,gmailIMAPAccounts,"""login""",login,
gmailIMAPEmails,gmailIMAPAccounts,"""password""",password,
gmailIMAPEmails,gmailIMAPAccounts,"""address""",address,
gmailIMAPEmails,gmailIMAPAccounts,"""port""",port,
gmailIMAPEmails,gmailIMAPAccounts,"""Source File""",source_file,
GarminActAPI,get_act_api,"""Activity ID""",activity_id,
GarminActAPI,get_act_api,"""Start Time GMT""",start_time_gmt,
GarminActAPI,get_act_api,"""Activity Name""",activity_name,
GarminActAPI,get_act_api,"""Description""",description,
GarminActAPI,get_act_api,"""Activity Type Key""",activity_type_key,
GarminActAPI,get_act_api,"""Distance (m)""",distance_m,
GarminActAPI,get_act_api,"""Duration (s)""",duration_s,
GarminActAPI,get_act_api,"""Elevation Gain""",elevation_gain,
GarminActAPI,get_act_api,"""Elevation Loss""",elevation_loss,
GarminActAPI,get_act_api,"""Average Speed""",average_speed,
GarminActAPI,get_act_api,"""Max Speed""",max_speed,
GarminActAPI,get_act_api,"""Start Latitude""",start_latitude,
GarminActAPI,get_act_api,"""Start Longitude""",start_longitude,
GarminActAPI,get_act_api,"""Owner ID""",owner_id,
GarminActAPI,get_act_api,"""Owner Name""",owner_name,
GarminActAPI,get_act_api,"""Owner Profile Image URL Large""",owner_profile_image_url_large,
GarminActAPI,get_act_api,"""Calories""",calories,
GarminActAPI,get_act_api,"""Average HR""",average_hr,
GarminActAPI,get_act_api,"""Max HR""",max_hr,
GarminActAPI,get_act_api,"""Steps""",steps,
GarminActAPI,get_act_api,"""vO2MaxValue""",vo2maxvalue,
MicrosoftAuthenticator,get_MSAuth_accounts,"""Service Name""",service_name,
MicrosoftAuthenticator,get_MSAuth_accounts,"""User Name""",user_name,
MicrosoftAuthenticator,get_MSAuth_accounts,"""OATH Secret Key""",oath_secret_key,
googleInitiatedNav,get_googleInitiatedNav,"""Timestamp""",timestamp,datetime
googleInitiatedNav,get_googleInitiatedNav,"""Initiated Navigation Destination""",initiated_navigation_destination,
garmin,get_garmin_gcm_cache_activities,"""Start Timestamp (UTC)""",start_timestamp_utc,datetime
garmin,get_garmin_gcm_cache_activities,"""Start Timestamp (Local)""",start_timestamp_local,
garmin,get_garmin_gcm_cache_activities,"""End Timestamp (UTC)""",end_timestamp_utc,datetime
garmin,get_garmin_gcm_cache_activities,"""Duration""",duration,
garmin,get_garmin_gcm_cache_activities,"""Activity Type""",activity_type,
garmin,get_garmin_gcm_cache_activities,"""User Full Name""",user_full_name,
garmin,get_garmin_gcm_cache_activities,"""User ID""",user_id,
garmin,get_garmin_gcm_cache_activities,"""Distance (Miles)""",distance_miles,
garmin,get_garmin_gcm_cache_activities,"""Distance (KM)""",distance_km,
garmin,get_garmin_gcm_cache_activities,"""Latitude""",latitude,
garmin,get_garmin_gcm_cache_activities,"""Longitude""",longitude,
garmin,get_garmin_gcm_cache_activities,"""End Latitude""",end_latitude,
garmin,get_garmin_gcm_cache_activities,"""End Longitude""",end_longitude,
garmin,get_garmin_gcm_cache_activities,"""Average Heart Rate""",average_heart_rate,
garmin,get_garmin_gcm_cache_activities,"""Calories Burned""",calories_burned,
garmin,get_garmin_gcm_cache_activities,"""Activity Name""",activity_name,
garmin,get_garmin_gcm_cache_activities,"""Activity ID""",activity_id,
garmin,get_garmin_gcm_cache_activities,"""Location Name""",location_name,
garmin,get_garmin_devices,"""Last Connection Timestamp""",last_connection_timestamp,datetime
garmin,get_garmin_devices,"""Product Display Name""",product_display_name,
garmin,get_garmin_devices,"""Bluetooth Friendly Name""",bluetooth_friendly_name,
garmin,get_garmin_devices,"""Mac Address""",mac_address,
garmin,get_garmin_devices,"""Connection Type""",connection_type,
garmin,get_garmin_devices,"""Software Version""",software_version,
garmin,get_garmin_devices,"""Unit ID""",unit_id,
garmin,get_garmin_devices,"""Product Image URL""",product_image_url,
garmin,get_garmin_weather,"""Saved Timestamp""",saved_timestamp,datetime
garmin,get_garmin_weather,"""Issue Date""",issue_date,
garmin,get_garmin_weather,"""Latitude""",latitude,
garmin,get_garmin_weather,"""Longitude""",longitude,
garmin,get_garmin_weather,"""Weather Station ID""",weather_station_id,
garmin,get_garmin_weather,"""Weather Station Name""",weather_station_name,
garmin,get_garmin_weather,"""Temperature""",temperature,
garmin,get_garmin_weather,"""Apparent Temperature""",apparent_temperature,
garmin,get_garmin_weather,"""Dew Point""",dew_point,
garmin,get_garmin_weather,"""Relative Humidity""",relative_humidity,
garmin,get_garmin_weather,"""Weather Type""",weather_type,
garmin,get_garmin_weather,"""Wind Direction (Degrees)""",wind_direction_degrees,
garmin,get_garmin_weather,"""Wind Direction (Compass Point)""",wind_direction_compass_point,
garmin,get_garmin_weather,"""Wind Speed""",wind_speed,
garmin,get_garmin_weather,"""Concept ID""",concept_id,
garmin,get_garmin_notification_details,"""Status Timestamp""",status_timestamp,datetime
garmin,get_garmin_notification_details,"""Notification Status""",notification_status,
garmin,get_garmin_notification_details,"""Title""",title,
garmin,get_garmin_notification_details,"""Subtitle""",subtitle,
garmin,get_garmin_notification_details,"""Message""",message,
garmin,get_garmin_notification_details,"""Package Name""",package_name,
garmin,get_garmin_notification_details,"""Positive Action""",positive_action,
garmin,get_garmin_notification_details,"""Negative Action""",negative_action,
garmin,get_garmin_notification_details,"""Phone Number""",phone_number,
garmin,get_garmin_notification_details,"""Type""",type,
garmin,get_garmin_notification_details,"""Post Timestamp""",post_timestamp,datetime
garmin,get_garmin_notification_details,"""When Timestamp""",when_timestamp,datetime
garmin,get_garmin_cache_db_activities,"""Start Timestamp (UTC)""",start_timestamp_utc,datetime
garmin,get_garmin_cache_db_activities,"""End Timestamp (UTC)""",end_timestamp_utc,datetime
garmin,get_garmin_cache_db_activities,"""Start Timestamp (Local)""",start_timestamp_local,
garmin,get_garmin_cache_db_activities,"""End Timestamp (Local)""",end_timestamp_local,
garmin,get_garmin_cache_db_activities,"""Duration""",duration,
garmin,get_garmin_cache_db_activities,"""Activity Type""",activity_type,
garmin,get_garmin_cache_db_activities,"""Owner Full Name""",owner_full_name,
garmin,get_garmin_cache_db_activities,"""Owner ID""",owner_id,
garmin,get_garmin_cache_db_activities,"""Distance (Miles)""",distance_miles,
garmin,get_garmin_cache_db_activities,"""Distance (KM)""",distance_km,
garmin,get_garmin_cache_db_activities,"""Latitude""",latitude,
garmin,get_garmin_cache_db_activities,"""Longitude""",longitude,
garmin,get_garmin_cache_db_activities,"""End Latitude""",end_latitude,
garmin,get_garmin_cache_db_activities,"""End Longitude""",end_longitude,
garmin,get_garmin_cache_db_activities,"""Average Heart Rate""",average_heart_rate,
garmin,get_garmin_cache_db_activities,"""Calories Burned""",calories_burned,
garmin,get_garmin_cache_db_activities,"""Steps""",steps,
garmin,get_garmin_cache_db_activities,"""Device Manufacturer""",device_manufacturer,
garmin,get_garmin_cache_db_activities,"""Device ID""",device_id,
garmin,get_garmin_cache_db_activities,"""Location Name""",location_name,
garmin,get_garmin_cache_db_activities,"""Activity Name""",activity_name,
garmin,get_garmin_cache_db_activities,"""Activity ID""",activity_id,
garmin,get_garmin_cache_db_activities,"""Last Update Timestamp""",last_update_timestamp,datetime
garmin,get_garmin_sleep_activities,"""Sleep Start Timestamp (UTC)""",sleep_start_timestamp_utc,datetime
garmin,get_garmin_sleep_activities,"""Sleep End Timestamp (UTC)""",sleep_end_timestamp_utc,datetime
garmin,get_garmin_sleep_activities,"""Auto Sleep Start Timestamp (UTC)""",auto_sleep_start_timestamp_utc,datetime
garmin,get_garmin_sleep_activities,"""Auto Sleep End Timestamp (UTC)""",auto_sleep_end_timestamp_utc,datetime
garmin,get_garmin_sleep_activities,"""Total Sleep Time""",total_sleep_time,
garmin,get_garmin_sleep_activities,"""Deep Sleep""",deep_sleep,
garmin,get_garmin_sleep_activities,"""Light Sleep""",light_sleep,
garmin,get_garmin_sleep_activities,"""REM Sleep""",rem_sleep,
garmin,get_garmin_sleep_activities,"""Awake Sleep""",awake_sleep,
garmin,get_garmin_sleep_activities,"""Average Sp02""",average_sp02,
garmin,get_garmin_sleep_activities,"""Lowest Sp02""",lowest_sp02,
garmin,get_garmin_sleep_activities,"""Average Breaths/min""",average_breathsmin,
garmin,get_garmin_sleep_activities,"""Lowest Breaths/min""",lowest_breathsmin,
garmin,get_garmin_sleep_activities,"""Highest Breaths/min""",highest_breathsmin,
garmin,get_garmin_sleep_activities,"""Last Updated Timestamp""",last_updated_timestamp,datetime
likee,get_likee,"""File""",file,
likee,get_likee,"""Location Data""",location_data,
likee,get_likee,"""Source""",source,
likee,get_likee_users,"""Users""",users,
likee,get_likee_users,"""Username""",username,
likee,get_likee_users,"""User ID""",user_id,
likee,get_likee_messages,"""User ID""",user_id,
likee,get_likee_messages,"""Message Content""",message_content,
likee,get_likee_messages,"""Timestamp""",timestamp,datetime
Oruxmaps,get_Oruxmaps,"""poilat""",poilat,
Oruxmaps,get_Oruxmaps,"""poilon""",poilon,
Oruxmaps,get_Oruxmaps,"""poialt""",poialt,
Oruxmaps,get_Oruxmaps,"""poitime""",poitime,datetime
Oruxmaps,get_Oruxmaps,"""poiname""",poiname,
Oruxmaps,get_Oruxmaps_tracks,"""track id""",track_id,
Oruxmaps,get_Oruxmaps_tracks,"""track name""",track_name,
Oruxmaps,get_Oruxmaps_tracks,"""track description""",track_description,
Oruxmaps,get_Oruxmaps_tracks,"""segment name""",segment_name,
Oruxmaps,get_Oruxmaps_tracks,"""latitude""",latitude,
Oruxmaps,get_Oruxmaps_tracks,"""longitude""",longitude,
Oruxmaps,get_Oruxmaps_tracks,"""altimeter""",altimeter,
Oruxmaps,get_Oruxmaps_tracks,"""datetime""",datetime,datetime
Xender,get_Xender,"""device_id""",device_id,
Xender,get_Xender,"""nick_name""",nick_name,
Xender,get_Xender_messages,"""file_path""",file_path,
Xender,get_Xender_messages,"""file_display_name""",file_display_name,
Xender,get_Xender_messages,"""file_size""",file_size,
Xender,get_Xender_messages,"""timestamp""",timestamp,datetime
Xender,get_Xender_messages,"""direction""",direction,
Xender,get_Xender_messages,"""to_id""",to_id,
Xender,get_Xender_messages,"""from_id""",from_id,
Xender,get_Xender_messages,"""session_id""",session_id,
Xender,get_Xender_messages,"""sender_name""",sender_name,
Xender,get_Xender_messages,"""sender_device_id""",sender_device_id,
Xender,get_Xender_messages,"""recipient_name""",recipient_name,
Xender,get_Xender_messages,"""recipient_device_id""",recipient_device_id,
downloads,downloads,"""Last Modified Timestamp""",last_modified_timestamp,datetime
downloads,downloads,"""Title""",title,
downloads,downloads,"""Description""",description,
downloads,downloads,"""Provider URI""",provider_uri,
downloads,downloads,"""Save Location""",save_location,
downloads,downloads,"""Mime Type""",mime_type,
downloads,downloads,"""App Provider Package""",app_provider_package,
downloads,downloads,"""Current Bytes""",current_bytes,
downloads,downloads,"""Total Bytes""",total_bytes,
downloads,downloads,"""Status""",status,
downloads,downloads,"""Error Message""",error_message,
downloads,downloads,"""ETAG""",etag,
downloads,downloads,"""Visible in Downloads UI""",visible_in_downloads_ui,
downloads,downloads,"""Deleted""",deleted,
downloads,downloads,"""Source File""",source_file,
swellbeing,get_swellbeing,"""Timestamp""",timestamp,datetime
swellbeing,get_swellbeing,"""Event ID""",event_id,
swellbeing,get_swellbeing,"""Package Name""",package_name,
swellbeing,get_swellbeing,"""Event Type""",event_type,
swellbeing,get_swellbeing,"""Event Type Description""",event_type_description,
kijijiLocalUserInfo,get_kijijiLocalUserInfo,"""User Email""",user_email,
kijijiLocalUserInfo,get_kijijiLocalUserInfo,"""User Ebay ID""",user_ebay_id,
kijijiLocalUserInfo,get_kijijiLocalUserInfo,"""User Display Name""",user_display_name,
kijijiLocalUserInfo,get_kijijiLocalUserInfo,"""Logged In User""",logged_in_user,
GarminSleep,get_garmin_sleep,"""Sleep Start Time GMT""",sleep_start_time_gmt,datetime
GarminSleep,get_garmin_sleep,"""Sleep End Time GMT""",sleep_end_time_gmt,datetime
GarminSleep,get_garmin_sleep,"""Sleep Time In Seconds""",sleep_time_in_seconds,
GarminSleep,get_garmin_sleep,"""Deep Sleep Seconds""",deep_sleep_seconds,
GarminSleep,get_garmin_sleep,"""Light Sleep Seconds""",light_sleep_seconds,
GarminSleep,get_garmin_sleep,"""REM Sleep Seconds""",rem_sleep_seconds,
GarminSleep,get_garmin_sleep,"""Awake Sleep Seconds""",awake_sleep_seconds,
GarminSleep,get_garmin_sleep,"""Average SpO2 Value""",average_spo2_value,
GarminSleep,get_garmin_sleep,"""Average SpO2 HR Sleep""",average_spo2_hr_sleep,
googlePhotos,get_googlePhotos,"""Source""",source,
googlePhotos,get_googlePhotos,"""Timestamp""",timestamp,datetime
googlePhotos,get_googlePhotos,"""File Name""",file_name,
googlePhotos,get_googlePhotos,"""File Path""",file_path,
googlePhotos,get_googlePhotos,"""Captured Timestamp""",captured_timestamp,datetime
googlePhotos,get_googlePhotos,"""Timezone Offset (hours, truncated)""",timezone_offset_hours_truncated,
googlePhotos,get_googlePhotos,"""Width""",width,
googlePhotos,get_googlePhotos,"""Height""",height,
googlePhotos,get_googlePhotos,"""Size""",size,
googlePhotos,get_googlePhotos,"""Duration""",duration,
googlePhotos,get_googlePhotos,"""Latitude""",latitude,
googlePhotos,get_googlePhotos,"""Longitude""",longitude,
googlePhotos,get_googlePhotos,"""Folder Name""",folder_name,
googlePhotos,get_googlePhotos,"""Media Store ID""",media_store_id,
googlePhotos,get_googlePhotos,"""Trashed Timestamp""",trashed_timestamp,datetime
googlePhotos,get_googlePhotos,"""Purge Timestamp""",purge_timestamp,datetime
googlePhotos,get_googlePhotos_remote,"""Source""",source,
googlePhotos,get_googlePhotos_remote,"""Timestamp""",timestamp,datetime
googlePhotos,get_googlePhotos_remote,"""File Name""",file_name,
googlePhotos,get_googlePhotos_remote,"""Remote URL""",remote_url,
googlePhotos,get_googlePhotos_remote,"""Captured Timestamp""",captured_timestamp,datetime
googlePhotos,get_googlePhotos_remote,"""Timezone Offset (hours, truncated)""",timezone_offset_hours_truncated,
googlePhotos,get_googlePhotos_remote,"""Duration""",duration,
googlePhotos,get_googlePhotos_remote,"""Latitude""",latitude,
googlePhotos,get_googlePhotos_remote,"""Longitude""",longitude,
googlePhotos,get_googlePhotos_remote,"""Inferred Latitude""",inferred_latitude,
googlePhotos,get_googlePhotos_remote,"""Inferred Longitude""",inferred_longitude,
googlePhotos,get_googlePhotos_remote,"""Upload Status""",upload_status,
googlePhotos,get_googlePhotos_shared,"""Source""",source,
googlePhotos,get_googlePhotos_shared,"""Timestamp""",timestamp,datetime
googlePhotos,get_googlePhotos_shared,"""File Name""",file_name,
googlePhotos,get_googlePhotos_shared,"""Remote URL""",remote_url,
googlePhotos,get_googlePhotos_shared,"""Size""",size,
googlePhotos,get_googlePhotos_shared,"""Captured Timestamp""",captured_timestamp,datetime
googlePhotos,get_googlePhotos_shared,"""Timezone Offset (hours, truncated)""",timezone_offset_hours_truncated,
googlePhotos,get_googlePhotos_shared,"""Upload Status""",upload_status,
googlePhotos,get_googlePhotos_folders,"""Source""",source,
googlePhotos,get_googlePhotos_folders,"""Bucket ID""",bucket_id,
googlePhotos,get_googlePhotos_folders,"""Folder Name""",folder_name,
googlePhotos,get_googlePhotos_folders,"""Folder Path""",folder_path,
googlePhotos,get_googlePhotos_cache,"""Timestamp""",timestamp,datetime
googlePhotos,get_googlePhotos_cache,"""Key""",key,
googlePhotos,get_googlePhotos_cache,"""Image""",image,media
googlePhotos,get_googlePhotos_cache,"""Size""",size,
googlePhotos,get_googlePhotos_cache,"""Pending Deletion""",pending_deletion,
googlePhotos,get_googlePhotos_trash,"""Timestamp""",timestamp,datetime
googlePhotos,get_googlePhotos_trash,"""Local Path""",local_path,
googlePhotos,get_googlePhotos_trash,"""Content URI""",content_uri,
googlePhotos,get_googlePhotos_trash,"""File Name""",file_name,
googlePhotos,get_googlePhotos_trash,"""Image""",image,media
googlePhotos,get_googlePhotos_trash,"""Is Video""",is_video,
googlePhotos,get_googlePhotos_trash,"""Media Store ID""",media_store_id,
thunderbird,thunderbird_accounts,"""Last Sync Time""",last_sync_time,
thunderbird,thunderbird_accounts,"""Account Name""",account_name,
thunderbird,thunderbird_accounts,"""Mail Address""",mail_address,
thunderbird,thunderbird_accounts,"""Shown Name""",shown_name,
thunderbird,thunderbird_accounts,"""Username""",username,
thunderbird,thunderbird_accounts,"""Password""",password,
thunderbird,thunderbird_accounts,"""Incoming Server""",incoming_server,
thunderbird,thunderbird_accounts,"""Outgoing Server""",outgoing_server,
thunderbird,thunderbird_messages,"""Timestamp Sent""",timestamp_sent,
thunderbird,thunderbird_messages,"""Timestamp Stored""",timestamp_stored,
thunderbird,thunderbird_messages,"""Account""",account,
thunderbird,thunderbird_messages,"""Sender""",sender,
thunderbird,thunderbird_messages,"""Receiver""",receiver,
thunderbird,thunderbird_messages,"""CC""",cc,
thunderbird,thunderbird_messages,"""BCC""",bcc,
thunderbird,thunderbird_messages,"""Subject""",subject,
thunderbird,thunderbird_messages,"""Preview""",preview,
thunderbird,thunderbird_messages,"""Content""",content,
thunderbird,thunderbird_messages,"""Attachments""",attachments,
thunderbird,thunderbird_messages,"""Read?""",read,
thunderbird,thunderbird_messages,"""Flagged?""",flagged,
thunderbird,thunderbird_messages,"""Answered?""",answered,
thunderbird,thunderbird_messages,"""Forwarded?""",forwarded,
thunderbird,thunderbird_messages,"""Folder Name""",folder_name,
thunderbird,thunderbird_messages,"""Source File""",source_file,
sbbmobile,cff_purchased_tickets,"""Valid from""",valid_from,
sbbmobile,cff_purchased_tickets,"""Valid until""",valid_until,
sbbmobile,cff_purchased_tickets,"""Traveler""",traveler,
sbbmobile,cff_purchased_tickets,"""Refund State""",refund_state,
sbbmobile,cff_purchased_tickets,"""Payment method""",payment_method,
sbbmobile,cff_purchased_tickets,"""Ticket description""",ticket_description,
sbbmobile,cff_purchased_tickets,"""Ticket departure""",ticket_departure,
sbbmobile,cff_purchased_tickets,"""Ticket destination""",ticket_destination,
sbbmobile,cff_searched_places,"""Searched timestamp (UTC)""",searched_timestamp_utc,datetime
sbbmobile,cff_searched_places,"""Title""",title,
sbbmobile,cff_searched_places,"""Is favorite""",is_favorite,
sbbmobile,cff_searched_places,"""Type""",type,
sbbmobile,cff_searched_places,"""location of places (link)""",location_of_places_link,
sbbmobile,cff_search_history,"""Search timestamp (UTC)""",search_timestamp_utc,datetime
sbbmobile,cff_search_history,"""Departure""",departure,
sbbmobile,cff_search_history,"""Departure (type)""",departure_type,
sbbmobile,cff_search_history,"""Destination""",destination,
sbbmobile,cff_search_history,"""Destination (type)""",destination_type,
sbbmobile,cff_search_history,"""Result Coordinates (link)""",result_coordinates_link,
sbbmobile,cff_travel_cards,"""Name""",name,
sbbmobile,cff_travel_cards,"""Type""",type,
sbbmobile,cff_travel_cards,"""Contract ID""",contract_id,
sbbmobile,cff_travel_cards,"""Valid From""",valid_from,
sbbmobile,cff_travel_cards,"""Valid To""",valid_to,
sbbmobile,cff_travel_cards,"""Contract state""",contract_state,
samsungScpm,samsungScpmDevices,"""Registration Time""",registration_time,datetime
samsungScpm,samsungScpmDevices,"""Last Access Time""",last_access_time,datetime
samsungScpm,samsungScpmDevices,"""Alias""",alias,
samsungScpm,samsungScpmDevices,"""Type""",type,
samsungScpm,samsungScpmDevices,"""Model Name""",model_name,
samsungScpm,samsungScpmDevices,"""Model Code""",model_code,
samsungScpm,samsungScpmDevices,"""OS Type""",os_type,
samsungScpm,samsungScpmDevices,"""OS Version""",os_version,
samsungScpm,samsungScpmDevices,"""Platform Version""",platform_version,
samsungScpm,samsungScpmDevices,"""Country Code""",country_code,
samsungScpm,samsungScpmDevices,"""SIM MCC""",sim_mcc,
samsungScpm,samsungScpmDevices,"""SIM MNC""",sim_mnc,
samsungScpm,samsungScpmDevices,"""CSC""",csc,
samsungScpm,samsungScpmDevices,"""Device ID""",device_id,
callTranscription,get_callTranscription,"""Timestamp""",timestamp,datetime
callTranscription,get_callTranscription,"""User""",user,
callTranscription,get_callTranscription,"""Transcript""",transcript,
callTranscription,get_callTranscription,"""Filename""",filename,
chromeMediaHistory,get_chromeMediaHistorySessions,"""Last Updated""",last_updated,
chromeMediaHistory,get_chromeMediaHistorySessions,"""Origin ID""",origin_id,
chromeMediaHistory,get_chromeMediaHistorySessions,"""URL""",url,
chromeMediaHistory,get_chromeMediaHistorySessions,"""Position""",position,
chromeMediaHistory,get_chromeMediaHistorySessions,"""Duration""",duration,
chromeMediaHistory,get_chromeMediaHistorySessions,"""Title""",title,
chromeMediaHistory,get_chromeMediaHistorySessions,"""Artist""",artist,
chromeMediaHistory,get_chromeMediaHistorySessions,"""Album""",album,
chromeMediaHistory,get_chromeMediaHistorySessions,"""Source Title""",source_title,
chromeMediaHistory,get_chromeMediaHistoryPlaybacks,"""Last Updated""",last_updated,
chromeMediaHistory,get_chromeMediaHistoryPlaybacks,"""ID""",id,
chromeMediaHistory,get_chromeMediaHistoryPlaybacks,"""Origin ID""",origin_id,
chromeMediaHistory,get_chromeMediaHistoryPlaybacks,"""URL""",url,
chromeMediaHistory,get_chromeMediaHistoryPlaybacks,"""Watch Time""",watch_time,
chromeMediaHistory,get_chromeMediaHistoryPlaybacks,"""Has Audio""",has_audio,
chromeMediaHistory,get_chromeMediaHistoryPlaybacks,"""Has Video""",has_video,
chromeMediaHistory,get_chromeMediaHistoryOrigins,"""Last Updated""",last_updated,
chromeMediaHistory,get_chromeMediaHistoryOrigins,"""ID""",id,
chromeMediaHistory,get_chromeMediaHistoryOrigins,"""Origin""",origin,
chromeMediaHistory,get_chromeMediaHistoryOrigins,"""Aggregate Watchtime""",aggregate_watchtime,
googleCallScreen,get_googleCallScreen,"""Timestamp""",timestamp,datetime
googleCallScreen,get_googleCallScreen,"""Recording File Path""",recording_file_path,
googleCallScreen,get_googleCallScreen,"""Conversation""",conversation,
googleCallScreen,get_googleCallScreen,"""Audio""",audio,media
alexDeviceInfo,alex_device_info,"""Key""",key,
alexDeviceInfo,alex_device_info,"""Value""",value,
factory_reset,factory_reset,"""Timestamp""",timestamp,
factory_reset,factory_reset,"""File Name""",file_name,
dmss,get_dmss,"""Device Name""",device_name,
dmss,get_dmss,"""Channel No.""",channel_no,
dmss,get_dmss,"""Channel Name""",channel_name,
dmss,get_dmss,"""Favorite""",favorite,
dmss,get_dmss_info,"""Name/IP""",nameip,
dmss,get_dmss_info,"""Channels""",channels,
dmss,get_dmss_info,"""UID""",uid,
dmss,get_dmss_info,"""IP (Enc.)""",ip_enc,
dmss,get_dmss_info,"""Port (Enc.)""",port_enc,
dmss,get_dmss_info,"""Username (Enc.)""",username_enc,
dmss,get_dmss_info,"""Password (Enc.)""",password_enc,
dmss,get_dmss_sensors,"""Account""",account,
dmss,get_dmss_sensors,"""Device Name""",device_name,
dmss,get_dmss_sensors,"""Device Model""",device_model,
dmss,get_dmss_sensors,"""Device SN""",device_sn,
dmss,get_dmss_sensors,"""Device Type""",device_type,
dmss,get_dmss_sensors,"""Alarm State""",alarm_state,
dmss,get_dmss_sensors,"""Battery Percent""",battery_percent,
dmss,get_dmss_sensors,"""Associated Hub SN""",associated_hub_sn,
dmss,get_dmss_sensors,"""Disable Delay""",disable_delay,
dmss,get_dmss_sensors,"""Enable Delay""",enable_delay,
dmss,get_dmss_sensors,"""Full Day Alarm""",full_day_alarm,
dmss,get_dmss_sensors,"""Sensitivity""",sensitivity,
dmss,get_dmss_sensors,"""Capabilities""",capabilities,
dmss,get_dmss_sensors,"""Tamper Status""",tamper_status,
dmss,get_dmss_sensors,"""Version""",version,
dmss,get_dmss_cloud,"""Account""",account,
dmss,get_dmss_cloud,"""Device Name""",device_name,
dmss,get_dmss_cloud,"""Device Model""",device_model,
dmss,get_dmss_cloud,"""Channels""",channels,
dmss,get_dmss_cloud,"""Online""",online,
dmss,get_dmss_cloud,"""Shared Enabled""",shared_enabled,
dmss,get_dmss_cloud,"""Receive Share From""",receive_share_from,
dmss,get_dmss_cloud,"""Send Share To""",send_share_to,
dmss,get_dmss_cloud,"""Username""",username,
dmss,get_dmss_cloud,"""Abilities""",abilities,
dmss,get_dmss_cloud,"""Capabilities""",capabilities,
dmss,get_dmss_cloud,"""Port""",port,
dmss,get_dmss_cloud,"""RTSP Port""",rtsp_port,
dmss,get_dmss_cloud,"""App Version""",app_version,
dmss,get_dmss_notifications,"""Account""",account,
dmss,get_dmss_notifications,"""Timestamp""",timestamp,datetime
dmss,get_dmss_notifications,"""Device Reported Time""",device_reported_time,
dmss,get_dmss_notifications,"""Area Name""",area_name,
dmss,get_dmss_notifications,"""Nickname""",nickname,
dmss,get_dmss_notifications,"""Device Name""",device_name,
dmss,get_dmss_notifications,"""Alarm Device ID""",alarm_device_id,
dmss,get_dmss_notifications,"""Alarm Message ID""",alarm_message_id,
dmss,get_dmss_notifications,"""Alarm Notification""",alarm_notification,
dmss,get_dmss_notifications,"""Checked""",checked,
dmss,get_dmss_media,"""File Path""",file_path,
dmss,get_dmss_media,"""File Name""",file_name,
dmss,get_dmss_media,"""File Content""",file_content,media
GarminResponse,get_garmin_response,"""Last Update""",last_update,datetime
GarminResponse,get_garmin_response,"""Request URL""",request_url,
GarminResponse,get_garmin_response,"""Response""",response,
sRecoveryhist,get_sRecoveryhist,"""Timestamp""",timestamp,
sRecoveryhist,get_sRecoveryhist,"""Wipe""",wipe,
sRecoveryhist,get_sRecoveryhist,"""Prompt & Wipe""",prompt_wipe,
sRecoveryhist,get_sRecoveryhist,"""Reason""",reason,
sRecoveryhist,get_sRecoveryhist,"""Reboot Reason""",reboot_reason,
sRecoveryhist,get_sRecoveryhist,"""Locale""",locale,
sRecoveryhist,get_sRecoveryhist,"""Request Timestamp""",request_timestamp,
sRecoveryhist,get_sRecoveryhist,"""Update ORG""",update_org,
sRecoveryhist,get_sRecoveryhist,"""Update PKG""",update_pkg,
pSettings,get_pSettings,"""Name""",name,
pSettings,get_pSettings,"""Value""",value,
RunkeeperActivities,get_run_activities,"""ID""",id,
RunkeeperActivities,get_run_activities,"""Start Time""",start_time,datetime
RunkeeperActivities,get_run_activities,"""Device Sync Time""",device_sync_time,datetime
RunkeeperActivities,get_run_activities,"""Distance""",distance,
RunkeeperActivities,get_run_activities,"""Duration""",duration,
RunkeeperActivities,get_run_activities,"""Activity Type""",activity_type,
RunkeeperActivities,get_run_activities,"""Calories""",calories,
RunkeeperActivities,get_run_activities,"""Heart Rate""",heart_rate,
RunkeeperActivities,get_run_activities,"""Total Climb""",total_climb,
RunkeeperActivities,get_run_activities,"""UUID""",uuid,
RunkeeperActivities,get_run_activities,"""Nickname""",nickname,
RunkeeperActivities,get_run_activities,"""Latitude""",latitude,
RunkeeperActivities,get_run_activities,"""Longitude""",longitude,
RunkeeperActivities,get_run_activities,"""End Latitude""",end_latitude,
RunkeeperActivities,get_run_activities,"""End Longitude""",end_longitude,
RunkeeperActivities,get_run_activities,"""Route Map""",route_map,media
RunkeeperActivities,get_run_activities,"""Route KML""",route_kml,media
Deepseek_UserInfo,deepseek_user_info,"""User ID""",user_id,
Deepseek_UserInfo,deepseek_user_info,"""Token""",token,
Deepseek_UserInfo,deepseek_user_info,"""Email""",email,
Deepseek_UserInfo,deepseek_user_info,"""Mobile Number""",mobile_number,
browserlocation,get_browserlocation,"""timestamp""",timestamp,datetime
browserlocation,get_browserlocation,"""latitude""",latitude,
browserlocation,get_browserlocation,"""longitude""",longitude,
browserlocation,get_browserlocation,"""accuracy""",accuracy,
firefoxFormHistory,get_firefoxFormHistory,"""First Used Timestamp""",first_used_timestamp,datetime
firefoxFormHistory,get_firefoxFormHistory,"""Last Used Timestamp""",last_used_timestamp,datetime
firefoxFormHistory,get_firefoxFormHistory,"""Field Name""",field_name,
firefoxFormHistory,get_firefoxFormHistory,"""Value""",value,
firefoxFormHistory,get_firefoxFormHistory,"""Times Used""",times_used,
firefoxFormHistory,get_firefoxFormHistory,"""ID""",id,
usageapps,get_usageapps,"""Timestamp""",timestamp,datetime
usageapps,get_usageapps,"""Deleted?""",deleted,
usageapps,get_usageapps,"""BundleID""",bundleid,
usageapps,get_usageapps,"""Generated From""",generated_from,
usageapps,get_usageapps,"""From in Proto""",from_in_proto,
usageapps,get_usageapps,"""Proto Full""",proto_full,
deviceHealthServices_Battery,Turbo_Battery,"""Timestamp""",timestamp,datetime
deviceHealthServices_Battery,Turbo_Battery,"""Battery Level""",battery_level,
deviceHealthServices_Battery,Turbo_Battery,"""Charge Type""",charge_type,
deviceHealthServices_Battery,Turbo_Battery,"""Battery Saver""",battery_saver,
deviceHealthServices_Battery,Turbo_Battery,"""Timezone""",timezone,
deviceHealthServices_Battery,Turbo_Battery,"""Source""",source,
deviceHealthServices_Battery,Turbo_Bluetooth,"""Timestamp""",timestamp,datetime
deviceHealthServices_Battery,Turbo_Bluetooth,"""BT Device MAC Address""",bt_device_mac_address,
deviceHealthServices_Battery,Turbo_Bluetooth,"""BT Device ID""",bt_device_id,
deviceHealthServices_Battery,Turbo_Bluetooth,"""Battery Level""",battery_level,
deviceHealthServices_Battery,Turbo_Bluetooth,"""Volume Level""",volume_level,
deviceHealthServices_Battery,Turbo_Bluetooth,"""Timezone""",timezone,
deviceHealthServices_Battery,Turbo_Bluetooth,"""Source""",source,
WordsWithFriends,get_WordsWithFriends,"""Chat Message Creation""",chat_message_creation,datetime
WordsWithFriends,get_WordsWithFriends,"""Message ID""",message_id,
WordsWithFriends,get_WordsWithFriends,"""User Name""",user_name,
WordsWithFriends,get_WordsWithFriends,"""User Email""",user_email,
WordsWithFriends,get_WordsWithFriends,"""Chat Message""",chat_message,
smsmmsBackup,get_mms_from_backup,"""Date""",date,datetime
smsmmsBackup,get_mms_from_backup,"""Date sent""",date_sent,datetime
smsmmsBackup,get_mms_from_backup,"""Content Location""",content_location,
smsmmsBackup,get_mms_from_backup,"""Recipients""",recipients,
smsmmsBackup,get_mms_from_backup,"""Subject""",subject,
smsmmsBackup,get_mms_from_backup,"""Read""",read,
smsmmsBackup,get_mms_from_backup,"""MMS Addresses""",mms_addresses,
smsmmsBackup,get_mms_from_backup,"""Transaction ID""",transaction_id,
smsmmsBackup,get_mms_from_backup,"""MMS Version""",mms_version,
smsmmsBackup,get_mms_from_backup,"""Body""",body,
smsmmsBackup,get_mms_from_backup,"""Message Type""",message_type,
smsmmsBackup,get_mms_from_backup,"""Message Box""",message_box,
smsmmsBackup,get_sms_from_backup,"""Date""",date,datetime
smsmmsBackup,get_sms_from_backup,"""Date sent""",date_sent,datetime
smsmmsBackup,get_sms_from_backup,"""Read""",read,
smsmmsBackup,get_sms_from_backup,"""Type""",type,
smsmmsBackup,get_sms_from_backup,"""Body""",body,
smsmmsBackup,get_sms_from_backup,"""recipients""",recipients,
smsmmsBackup,get_sms_from_backup,"""Address""",address,phonenumber
smsmmsBackup,get_sms_from_backup,"""Status""",status,
smsmmsBackup,get_sms_from_backup,"""Direction""",direction,
GarminSPo2,get_garmin_spo2,"""User Profile PK""",user_profile_pk,
GarminSPo2,get_garmin_spo2,"""Start Timestamp GMT""",start_timestamp_gmt,
GarminSPo2,get_garmin_spo2,"""End Timestamp GMT""",end_timestamp_gmt,
GarminSPo2,get_garmin_spo2,"""SPO2 Value Average""",spo2_value_average,
GarminSPo2,get_garmin_spo2,"""SPO2 Values Array""",spo2_values_array,
gmail,get_gmailActive,"""Active Gmail Address""",active_gmail_address,
FCMQueuedMessagesTwitter,get_fcm_twitter,"""Conversation Key""",conversation_key,
FCMQueuedMessagesTwitter,get_fcm_twitter,"""Other Party""",other_party,
FCMQueuedMessagesTwitter,get_fcm_twitter,"""Sender""",sender,
FCMQueuedMessagesTwitter,get_fcm_twitter,"""Recipient""",recipient,
FCMQueuedMessagesTwitter,get_fcm_twitter,"""Timestamp""",timestamp,datetime
FCMQueuedMessagesTwitter,get_fcm_twitter,"""Text""",text,
FCMQueuedMessagesTwitter,get_fcm_twitter,"""Entities""",entities,
FCMQueuedMessagesTwitter,get_fcm_twitter,"""Attachments""",attachments,
snapchat,get_snapchat_feeds,"""Last Interaction Timestamp""",last_interaction_timestamp,datetime
snapchat,get_snapchat_feeds,"""Key""",key,
snapchat,get_snapchat_feeds,"""Display Interaction Type""",display_interaction_type,
snapchat,get_snapchat_feeds,"""Last Read Timestamp""",last_read_timestamp,datetime
snapchat,get_snapchat_feeds,"""Last Reader""",last_reader,
snapchat,get_snapchat_feeds,"""Last Write Timestamp""",last_write_timestamp,datetime
snapchat,get_snapchat_feeds,"""Last Writer""",last_writer,
snapchat,get_snapchat_feeds,"""Last Write Type""",last_write_type,
snapchat,get_snapchat_friends,"""Added Timestamp""",added_timestamp,datetime
snapchat,get_snapchat_friends,"""Username""",username,
snapchat,get_snapchat_friends,"""User ID""",user_id,
snapchat,get_snapchat_friends,"""Display Name""",display_name,
snapchat,get_snapchat_friends,"""Phone Nr""",phone_nr,
snapchat,get_snapchat_friends,"""Birthday""",birthday,
snapchat,get_snapchat_messages,"""Creation Timestamp""",creation_timestamp,datetime
snapchat,get_snapchat_messages,"""Seen Timestamp""",seen_timestamp,datetime
snapchat,get_snapchat_messages,"""Sender ID""",sender_id,
snapchat,get_snapchat_messages,"""Sender Username""",sender_username,
snapchat,get_snapchat_messages,"""Sender Display Name""",sender_display_name,
snapchat,get_snapchat_messages,"""Message Type""",message_type,
snapchat,get_snapchat_messages,"""Text""",text,
snapchat,get_snapchat_memories,"""Timestamp""",timestamp,datetime
snapchat,get_snapchat_memories,"""Memory ID""",memory_id,
snapchat,get_snapchat_memories,"""Snap ID""",snap_id,
snapchat,get_snapchat_memories,"""Is Private""",is_private,
snapchat,get_snapchat_memories,"""Media Format""",media_format,
snapchat,get_snapchat_meo,"""User ID""",user_id,
snapchat,get_snapchat_meo,"""Hashed Passcode""",hashed_passcode,
snapchat,get_snapchat_meo,"""Passcode""",passcode,
snapchat,get_snapchat_meo,"""Master Key""",master_key,
snapchat,get_snapchat_meo,"""Master Key IV""",master_key_iv,
snapchat,get_snapchat_snap_media,"""Create Time""",create_time,datetime
snapchat,get_snapchat_snap_media,"""ID""",id,
snapchat,get_snapchat_snap_media,"""Media ID""",media_id,
snapchat,get_snapchat_snap_media,"""Memories Entry ID""",memories_entry_id,
snapchat,get_snapchat_snap_media,"""Time Zone ID""",time_zone_id,
snapchat,get_snapchat_snap_media,"""Format""",format,
snapchat,get_snapchat_snap_media,"""Width""",width,
snapchat,get_snapchat_snap_media,"""Height""",height,
snapchat,get_snapchat_snap_media,"""Duration""",duration,
snapchat,get_snapchat_snap_media,"""Has Overlay""",has_overlay,
snapchat,get_snapchat_snap_media,"""Overlay Size""",overlay_size,
snapchat,get_snapchat_snap_media,"""Overlay Info""",overlay_info,
snapchat,get_snapchat_snap_media,"""Front Facing""",front_facing,
snapchat,get_snapchat_snap_media,"""Size""",size,
snapchat,get_snapchat_snap_media,"""Has Location Info""",has_location_info,
snapchat,get_snapchat_snap_media,"""Latitude""",latitude,
snapchat,get_snapchat_snap_media,"""Longitude""",longitude,
snapchat,get_snapchat_snap_media,"""Snap User Agent""",snap_user_agent,
snapchat,get_snapchat_snap_media,"""Thumbnail Size""",thumbnail_size,
snapchat,get_snapchat_snap_media,"""Thumbnail Info""",thumbnail_info,
discreteNative,get_discreteNative,"""Timestamp""",timestamp,datetime
discreteNative,get_discreteNative,"""Bundle""",bundle,
discreteNative,get_discreteNative,"""Module""",module,
discreteNative,get_discreteNative,"""Operation""",operation,
discreteNative,get_discreteNative,"""Usage in Seconds""",usage_in_seconds,
discreteNative,get_discreteNative,"""Source Filename""",source_filename,
chromeAutofill,get_chromeAutofill,"""Date Created""",date_created,
chromeAutofill,get_chromeAutofill,"""Field""",field,
chromeAutofill,get_chromeAutofill,"""Value""",value,
chromeAutofill,get_chromeAutofill,"""Date Last Used""",date_last_used,
chromeAutofill,get_chromeAutofill,"""Count""",count,
chromeAutofill,get_chromeAutofillProfiles,"""Date Modified""",date_modified,
chromeAutofill,get_chromeAutofillProfiles,"""GUID""",guid,
chromeAutofill,get_chromeAutofillProfiles,"""First Name""",first_name,
chromeAutofill,get_chromeAutofillProfiles,"""Middle Name""",middle_name,
chromeAutofill,get_chromeAutofillProfiles,"""Last Name""",last_name,
chromeAutofill,get_chromeAutofillProfiles,"""Email""",email,
chromeAutofill,get_chromeAutofillProfiles,"""Phone Number""",phone_number,
chromeAutofill,get_chromeAutofillProfiles,"""Company Name""",company_name,
chromeAutofill,get_chromeAutofillProfiles,"""Address""",address,
chromeAutofill,get_chromeAutofillProfiles,"""City""",city,
chromeAutofill,get_chromeAutofillProfiles,"""State""",state,
chromeAutofill,get_chromeAutofillProfiles,"""Zip Code""",zip_code,
chromeAutofill,get_chromeAutofillProfiles,"""Date Last Used""",date_last_used,
chromeAutofill,get_chromeAutofillProfiles,"""Use Count""",use_count,
googleKeepNotes,get_googleKeepNotes,"""Notes Creation Time""",notes_creation_time,datetime
googleKeepNotes,get_googleKeepNotes,"""Notes Last Modified Time""",notes_last_modified_time,datetime
googleKeepNotes,get_googleKeepNotes,"""List Parent ID""",list_parent_id,
googleKeepNotes,get_googleKeepNotes,"""Creator Email""",creator_email,
googleKeepNotes,get_googleKeepNotes,"""Title""",title,
googleKeepNotes,get_googleKeepNotes,"""Text""",text,
googleKeepNotes,get_googleKeepNotes,"""Synced Text""",synced_text,
googleKeepNotes,get_googleKeepNotes,"""Is deleted""",is_deleted,
googleKeepNotes,get_googleKeepNotes,"""Last Modifier Email""",last_modifier_email,
googleKeepNotes,get_googleKeepNotes_sharing,"""Notes Shared Timestamp""",notes_shared_timestamp,datetime
googleKeepNotes,get_googleKeepNotes_sharing,"""List Parent ID""",list_parent_id,
googleKeepNotes,get_googleKeepNotes_sharing,"""Creator Email""",creator_email,
googleKeepNotes,get_googleKeepNotes_sharing,"""Shared Email""",shared_email,
googleKeepNotes,get_googleKeepNotes_sharing,"""Title""",title,
googleKeepNotes,get_googleKeepNotes_sharing,"""Text""",text,
googleKeepNotes,get_googleKeepNotes_sharing,"""Sync Status""",sync_status,
googleKeepNotes,get_googleKeepNotes_sharing,"""Is deleted""",is_deleted,
smembersAppInv,get_smembersAppInv,"""Timestamp""",timestamp,datetime
smembersAppInv,get_smembersAppInv,"""Display Name""",display_name,
smembersAppInv,get_smembersAppInv,"""Package Name""",package_name,
smembersAppInv,get_smembersAppInv,"""System App?""",system_app,
smembersAppInv,get_smembersAppInv,"""Confidence Hash""",confidence_hash,
smembersAppInv,get_smembersAppInv,"""SHA1""",sha1,
smembersAppInv,get_smembersAppInv,"""Classification""",classification,
battery_usage_v9,get_battery_usage_v9,"""Timestamp""",timestamp,datetime
battery_usage_v9,get_battery_usage_v9,"""Application""",application,
battery_usage_v9,get_battery_usage_v9,"""Package Name""",package_name,
battery_usage_v9,get_battery_usage_v9,"""Hidden""",hidden,
battery_usage_v9,get_battery_usage_v9,"""Boot Timestamp""",boot_timestamp,
battery_usage_v9,get_battery_usage_v9,"""Timezone""",timezone,
battery_usage_v9,get_battery_usage_v9,"""Total Power""",total_power,
battery_usage_v9,get_battery_usage_v9,"""Consumed Power""",consumed_power,
battery_usage_v9,get_battery_usage_v9,"""Foreground Usage (Seconds)""",foreground_usage_seconds,
battery_usage_v9,get_battery_usage_v9,"""Foreground Service Usage (seconds)""",foreground_service_usage_seconds,
battery_usage_v9,get_battery_usage_v9,"""Background Usage (Seconds)""",background_usage_seconds,
battery_usage_v9,get_battery_usage_v9,"""Battery Level (%)""",battery_level_,
battery_usage_v9,get_battery_usage_v9,"""Battery Status""",battery_status,
battery_usage_v9,get_battery_usage_v9,"""Battery Health""",battery_health,
battery_usage_v9,get_battery_usage_v9,"""Drain Type""",drain_type,
battery_usage_v9,get_battery_usage_v9,"""Source File""",source_file,
battery_usage_v9,get_app_usage_events,"""uid""",uid,
battery_usage_v9,get_app_usage_events,"""userId""",userid,
battery_usage_v9,get_app_usage_events,"""Timestamp""",timestamp,datetime
battery_usage_v9,get_app_usage_events,"""App Usage Event Type""",app_usage_event_type,
battery_usage_v9,get_app_usage_events,"""Package Name""",package_name,
battery_usage_v9,get_app_usage_events,"""Root Package Name""",root_package_name,
battery_usage_v9,get_app_usage_events,"""Instance Id""",instance_id,
battery_usage_v9,get_app_usage_events,"""Source File""",source_file,
burner,get_burner,"""Number Creation Time""",number_creation_time,datetime
burner,get_burner,"""Number Name""",number_name,
burner,get_burner,"""Number""",number,
burner,get_burner,"""Number Time Last Updated""",number_time_last_updated,datetime
burner,get_burner,"""Number Expiration Time""",number_expiration_time,datetime
burner,get_burner,"""Phone Minutes Allotment""",phone_minutes_allotment,
burner,get_burner,"""Phone Minutes Remaining""",phone_minutes_remaining,
burner,get_burner,"""Text Messages Allotment""",text_messages_allotment,
burner,get_burner,"""Text Messages Remaining""",text_messages_remaining,
burner,get_burner_communications,"""Communication Time""",communication_time,datetime
burner,get_burner_communications,"""Other Party Number""",other_party_number,
burner,get_burner_communications,"""Other Party Contact Name""",other_party_contact_name,
burner,get_burner_communications,"""Communication Direction""",communication_direction,
burner,get_burner_communications,"""Communication Type""",communication_type,
burner,get_burner_communications,"""Message""",message,
burner,get_burner_communications,"""Message Attachment (URL)""",message_attachment_url,
burner,get_burner_communications,"""Approximate Call Duration (minutes)""",approximate_call_duration_minutes,
vlcThumbs,get_vlcThumbs,"""Filename""",filename,
vlcThumbs,get_vlcThumbs,"""Thumbnail""",thumbnail,media
vlcThumbs,get_vlcThumbs_data,"""Last Played""",last_played,datetime
vlcThumbs,get_vlcThumbs_data,"""Insertion Date""",insertion_date,datetime
vlcThumbs,get_vlcThumbs_data,"""ID Media""",id_media,
vlcThumbs,get_vlcThumbs_data,"""Filename""",filename,
vlcThumbs,get_vlcThumbs_data,"""Play Count""",play_count,
vlcThumbs,get_vlcThumbs_data,"""Is Favorite""",is_favorite,
vlcThumbs,get_vlcThumbs_data,"""Thumbnail""",thumbnail,media
Todoist,get_Todoist,"""Timestamp Added""",timestamp_added,datetime
Todoist,get_Todoist,"""Added By UID""",added_by_uid,
Todoist,get_Todoist,"""Content""",content,
Todoist,get_Todoist,"""Description""",description,
Todoist,get_Todoist,"""Due Date""",due_date,
Todoist,get_Todoist,"""Due Timezone""",due_timezone,
Todoist,get_Todoist,"""Due String""",due_string,
Todoist,get_Todoist,"""Recurring Due Date""",recurring_due_date,
Todoist,get_Todoist,"""Priority""",priority,
Todoist,get_Todoist,"""Child Order""",child_order,
Todoist,get_Todoist,"""Project Name""",project_name,
Todoist,get_Todoist,"""Label""",label,
Todoist,get_Todoist,"""Item ID""",item_id,
Todoist,get_Todoist_notes,"""Timestamp Posted""",timestamp_posted,datetime
Todoist,get_Todoist_notes,"""Content""",content,
Todoist,get_Todoist_notes,"""Resource Type""",resource_type,
Todoist,get_Todoist_notes,"""File URL""",file_url,
Todoist,get_Todoist_notes,"""File Name""",file_name,
Todoist,get_Todoist_notes,"""File Type""",file_type,
Todoist,get_Todoist_notes,"""File Size""",file_size,
Todoist,get_Todoist_notes,"""Image""",image,
Todoist,get_Todoist_notes,"""Title""",title,
Todoist,get_Todoist_notes,"""Description""",description,
Todoist,get_Todoist_notes,"""Note ID""",note_id,
Todoist,get_Todoist_projects,"""Project Name""",project_name,
Todoist,get_Todoist_projects,"""Color""",color,
Todoist,get_Todoist_projects,"""View Style""",view_style,
Todoist,get_Todoist_projects,"""Child Order""",child_order,
Todoist,get_Todoist_projects,"""Collapsed""",collapsed,
Todoist,get_Todoist_projects,"""Shared""",shared,
Todoist,get_Todoist_projects,"""Favorited""",favorited,
Todoist,get_Todoist_projects,"""Type""",type,
teleguard,get_teleguard,"""Timestamp""",timestamp,datetime
teleguard,get_teleguard,"""User Time""",user_time,datetime
teleguard,get_teleguard,"""Type""",type,
teleguard,get_teleguard,"""Sender""",sender,
teleguard,get_teleguard,"""Receiver""",receiver,
teleguard,get_teleguard,"""Content""",content,
teleguard,get_teleguard,"""Media""",media,media
teleguard,get_teleguard,"""Metadata""",metadata,
teleguard,get_teleguard,"""Status""",status,
teleguard,get_teleguard,"""Is Edited?""",is_edited,
teleguard,get_teleguard,"""Direction""",direction,
teleguard,get_teleguard,"""Chat ID""",chat_id,
teleguard,get_teleguard_posts,"""Timestamp""",timestamp,datetime
teleguard,get_teleguard_posts,"""Channel ID""",channel_id,
teleguard,get_teleguard_posts,"""Header""",header,
teleguard,get_teleguard_posts,"""Content""",content,
teleguard,get_teleguard_posts,"""Type""",type,
teleguard,get_teleguard_posts,"""Local Status""",local_status,
teleguard,get_teleguard_posts,"""Views Count""",views_count,
teleguard,get_teleguard_posts,"""Likes Count""",likes_count,
teleguard,get_teleguard_posts,"""Dislikes Count""",dislikes_count,
teleguard,get_teleguard_posts,"""Metadata""",metadata,
teleguard,get_teleguard_posts,"""Media""",media,
teleguard,get_teleguard_contacts,"""Last Activity Timestamp""",last_activity_timestamp,datetime
teleguard,get_teleguard_contacts,"""Server ID""",server_id,
teleguard,get_teleguard_contacts,"""Alias""",alias,
teleguard,get_teleguard_contacts,"""Type""",type,
teleguard,get_teleguard_contacts,"""Color""",color,
teleguard,get_teleguard_contacts,"""Avatar""",avatar,media
teleguard,get_teleguard_contacts,"""Options""",options,
teleguard,get_teleguard_contacts,"""Info""",info,
teleguard,get_teleguard_contacts,"""Last Visit Time""",last_visit_time,datetime
teleguard,get_teleguard_contacts,"""Personal ID""",personal_id,
teleguard,get_teleguard_channels,"""ID""",id,
teleguard,get_teleguard_channels,"""Alias""",alias,
teleguard,get_teleguard_channels,"""Description""",description,
teleguard,get_teleguard_channels,"""Category""",category,
teleguard,get_teleguard_channels,"""Color""",color,
teleguard,get_teleguard_channels,"""Avatar ID""",avatar_id,
teleguard,get_teleguard_channels,"""Subscribers Count""",subscribers_count,
teleguard,get_teleguard_channels,"""Admin""",admin,
teleguard,get_teleguard_channels,"""Posts Count""",posts_count,
teleguard,get_teleguard_channels,"""Is Deleted""",is_deleted,
teleguard,get_teleguard_channels,"""Language""",language,
teleguard,get_teleguard_channels,"""Type""",type,
chromeOfflinePages,get_chromeOfflinePages,"""Creation Time""",creation_time,
chromeOfflinePages,get_chromeOfflinePages,"""Last Access Time""",last_access_time,
chromeOfflinePages,get_chromeOfflinePages,"""Online URL""",online_url,
chromeOfflinePages,get_chromeOfflinePages,"""File Path""",file_path,
chromeOfflinePages,get_chromeOfflinePages,"""Title""",title,
chromeOfflinePages,get_chromeOfflinePages,"""Access Count""",access_count,
chromeOfflinePages,get_chromeOfflinePages,"""File Size""",file_size,
googleDuo,get_googleDuo,"""Timestamp""",timestamp,datetime
googleDuo,get_googleDuo,"""Local User""",local_user,
googleDuo,get_googleDuo,"""Remote User""",remote_user,
googleDuo,get_googleDuo,"""Contact Name""",contact_name,
googleDuo,get_googleDuo,"""Activity Type""",activity_type,
googleDuo,get_googleDuo,"""Call Status""",call_status,
googleDuo,get_googleDuo,"""Direction""",direction,
googleDuo,get_googleDuo_contacts,"""Last Updated Timestamp""",last_updated_timestamp,datetime
googleDuo,get_googleDuo_contacts,"""Contact Name""",contact_name,
googleDuo,get_googleDuo_contacts,"""Contact Info""",contact_info,
googleDuo,get_googleDuo_contacts,"""Contact Label""",contact_label,
googleDuo,get_googleDuo_contacts,"""Contact ID""",contact_id,
googleDuo,get_googleDuo_notes,"""Sent Timestamp""",sent_timestamp,datetime
googleDuo,get_googleDuo_notes,"""Received Timestamp""",received_timestamp,datetime
googleDuo,get_googleDuo_notes,"""Viewed Timestamp""",viewed_timestamp,datetime
googleDuo,get_googleDuo_notes,"""Sender""",sender,
googleDuo,get_googleDuo_notes,"""Recipient""",recipient,
googleDuo,get_googleDuo_notes,"""Content""",content,media
googleDuo,get_googleDuo_notes,"""Size""",size,
googleDuo,get_googleDuo_notes,"""File Saved""",file_saved,
burnerUser,get_burnerUser,"""Timestamp""",timestamp,datetime
burnerUser,get_burnerUser,"""User ID""",user_id,
burnerUser,get_burnerUser,"""Phone Number ID""",phone_number_id,
burnerUser,get_burnerUser,"""Auto Reply Message""",auto_reply_message,
ChessWithFriends,get_ChessWithFriends,"""Message ID""",message_id,
ChessWithFriends,get_ChessWithFriends,"""User Name""",user_name,
ChessWithFriends,get_ChessWithFriends,"""User Email""",user_email,
ChessWithFriends,get_ChessWithFriends,"""Chat Message""",chat_message,
ChessWithFriends,get_ChessWithFriends,"""Chat Message Creation""",chat_message_creation,
Viber,get_Viber,"""Call Start Time""",call_start_time,datetime
Viber,get_Viber,"""Phone Number""",phone_number,phonenumber
Viber,get_Viber,"""Call Direction""",call_direction,
Viber,get_Viber,"""Call End Time (computed: start + duration)""",call_end_time_computed_start_duration,datetime
Viber,get_Viber,"""Call Type""",call_type,
Viber,get_Viber_contacts,"""Display Name""",display_name,
Viber,get_Viber_contacts,"""Phone Number""",phone_number,phonenumber
Viber,get_Viber_messages,"""Message Date""",message_date,datetime
Viber,get_Viber_messages,"""From Phone Number""",from_phone_number,phonenumber
Viber,get_Viber_messages,"""Recipients""",recipients,
Viber,get_Viber_messages,"""Thread ID""",thread_id,
Viber,get_Viber_messages,"""Message""",message,
Viber,get_Viber_messages,"""Direction""",direction,
Viber,get_Viber_messages,"""Unread""",unread,
Viber,get_Viber_messages,"""File Attachment""",file_attachment,
Viber,get_Viber_additional,"""User PIN Hash""",user_pin_hash,
Viber,get_Viber_additional,"""User PIN""",user_pin,
userDict,get_userDict,"""Word""",word,
userDict,get_userDict,"""Frequency""",frequency,
userDict,get_userDict,"""Locale""",locale,
userDict,get_userDict,"""AppID""",appid,
userDict,get_userDict,"""Shortcut""",shortcut,
Twitter,get_Twitter,"""Timestamp""",timestamp,datetime
Twitter,get_Twitter,"""Name""",name,
Twitter,get_Twitter,"""Query""",query,
Twitter,get_Twitter,"""Query ID""",query_id,
Twitter,get_Twitter,"""User Search Suggestion""",user_search_suggestion,
Twitter,get_Twitter,"""Topic Search Suggestion""",topic_search_suggestion,
Twitter,get_Twitter,"""Latitude""",latitude,
Twitter,get_Twitter,"""Longitude""",longitude,
Twitter,get_Twitter,"""Radius""",radius,
Twitter,get_Twitter,"""Location""",location,
Twitter,get_Twitter,"""Priority""",priority,
Twitter,get_Twitter,"""Score""",score,
samsungStoryService,samsungStoryServiceInfo,"""Date Taken""",date_taken,datetime
samsungStoryService,samsungStoryServiceInfo,"""Date Added""",date_added,datetime
samsungStoryService,samsungStoryServiceInfo,"""Title""",title,
samsungStoryService,samsungStoryServiceInfo,"""Path""",path,
samsungStoryService,samsungStoryServiceInfo,"""Media Type""",media_type,
samsungStoryService,samsungStoryServiceInfo,"""Latitude""",latitude,
samsungStoryService,samsungStoryServiceInfo,"""Longitude""",longitude,
samsungStoryService,samsungStoryServiceInfo,"""Country""",country,
samsungStoryService,samsungStoryServiceInfo,"""Locality""",locality,
samsungStoryService,samsungStoryServiceInfo,"""POI Name""",poi_name,
samsungStoryService,samsungStoryServiceInfo,"""POI City""",poi_city,
samsungStoryService,samsungStoryServiceInfo,"""Street Name""",street_name,
samsungStoryService,samsungStoryServiceInfo,"""Scene Names""",scene_names,
samsungStoryService,samsungStoryServiceInfo,"""Face Count""",face_count,
samsungStoryService,samsungStoryServiceInfo,"""Is Delete""",is_delete,
samsungStoryService,samsungStoryServiceInfo,"""Moment ID""",moment_id,
samsungStoryService,samsungStoryServiceMoments,"""Start Time""",start_time,datetime
samsungStoryService,samsungStoryServiceMoments,"""End Time""",end_time,datetime
samsungStoryService,samsungStoryServiceMoments,"""Creation Time""",creation_time,datetime
samsungStoryService,samsungStoryServiceMoments,"""Title""",title,
samsungStoryService,samsungStoryServiceMoments,"""Media Count""",media_count,
samsungStoryService,samsungStoryServiceMoments,"""Country""",country,
samsungStoryService,samsungStoryServiceMoments,"""Location""",location,
samsungStoryService,samsungStoryServiceMoments,"""POI Info""",poi_info,
samsungStoryService,samsungStoryServiceMoments,"""Street Name Info""",street_name_info,
samsungStoryService,samsungStoryServiceMoments,"""Type""",type,
samsungStoryService,samsungStoryServiceMoments,"""Story ID""",story_id,
samsungStoryService,samsungStoryServiceMoments,"""Moment ID""",moment_id,
Zapya,get_Zapya,"""Device""",device,
Zapya,get_Zapya,"""Name""",name,
Zapya,get_Zapya,"""direction""",direction,
Zapya,get_Zapya,"""fromid""",fromid,
Zapya,get_Zapya,"""toid""",toid,
Zapya,get_Zapya,"""createtime""",createtime,datetime
Zapya,get_Zapya,"""path""",path,
Zapya,get_Zapya,"""title""",title,
citymapper,get_citymapperAppPreferences,"""Device ID""",device_id,
citymapper,get_citymapperAppPreferences,"""Device IP""",device_ip,
citymapper,get_citymapperAppPreferences,"""Last Seen Version""",last_seen_version,
citymapper,get_citymapperAppPreferences,"""Earliest Seen Version""",earliest_seen_version,
citymapper,get_citymapperAppPreferences,"""Latitude""",latitude,
citymapper,get_citymapperAppPreferences,"""Longitude""",longitude,
citymapper,get_citymapperAppPreferences,"""Onboarding Date""",onboarding_date,datetime
citymapper,get_citymapperAppPreferences,"""Last Used Date""",last_used_date,datetime
citymapper,get_citymapperAppPreferences,"""Session Count""",session_count,
citymapper,get_citymapperAppPreferences,"""Language""",language,
citymapper,get_citymapperAppPreferences,"""App Installed""",app_installed,
citymapper,get_citymapperAppPreferences,"""CityMapper Region""",citymapper_region,
citymapper,get_citymapperAppPreferences,"""Connectivity State""",connectivity_state,
citymapper,get_citymapperAppPreferences,"""OS API Level""",os_api_level,
citymapper,get_citymapperAppPreferences,"""Build Flavor""",build_flavor,
FCMQueuedMessageOutlook,fcm_outlook,"""FCM Timestamp""",fcm_timestamp,
FCMQueuedMessageOutlook,fcm_outlook,"""Received / Renew Time""",received_renew_time,
FCMQueuedMessageOutlook,fcm_outlook,"""FCM Key""",fcm_key,
FCMQueuedMessageOutlook,fcm_outlook,"""Tenant / Mailbox GUID""",tenant_mailbox_guid,
FCMQueuedMessageOutlook,fcm_outlook,"""Sender""",sender,
FCMQueuedMessageOutlook,fcm_outlook,"""Topic""",topic,
FCMQueuedMessageOutlook,fcm_outlook,"""Preview""",preview,
FilesByGoogle,fbg_master,"""Date Modified""",date_modified,datetime
FilesByGoogle,fbg_master,"""Root Path""",root_path,
FilesByGoogle,fbg_master,"""Root Relative Path""",root_relative_path,
FilesByGoogle,fbg_master,"""File Name""",file_name,
FilesByGoogle,fbg_master,"""Size""",size,
FilesByGoogle,fbg_master,"""Mime Type""",mime_type,
FilesByGoogle,fbg_master,"""Media Type""",media_type,
FilesByGoogle,fbg_master,"""URI""",uri,
FilesByGoogle,fbg_master,"""Hidden""",hidden,
FilesByGoogle,fbg_master,"""Title""",title,
FilesByGoogle,fbg_master,"""Parent Folder""",parent_folder,
FilesByGoogle,fbg_master,"""Source File""",source_file,
FilesByGoogle,fbg_searchhistory,"""Timestamp""",timestamp,datetime
FilesByGoogle,fbg_searchhistory,"""Search Term""",search_term,
FilesByGoogle,fbg_searchhistory,"""Source File""",source_file,
FCMQueuedMessageKik,fcm_kik,"""FCM Timestamp""",fcm_timestamp,
FCMQueuedMessageKik,fcm_kik,"""Body""",body,
FCMQueuedMessageKik,fcm_kik,"""Bin ID""",bin_id,
FCMQueuedMessageKik,fcm_kik,"""STS""",sts,
FCMQueuedMessageKik,fcm_kik,"""ID""",id,
FCMQueuedMessageKik,fcm_kik,"""google.c.sender.id""",googlecsenderid,
FCMQueuedMessageKik,fcm_kik_blanks,"""FCM Timestamp""",fcm_timestamp,
FCMQueuedMessageKik,fcm_kik_blanks,"""google.c.sender.id""",googlecsenderid,
calllog,get_calllog,"""Call Date""",call_date,datetime
calllog,get_calllog,"""Phone Account Address""",phone_account_address,
calllog,get_calllog,"""Partner""",partner,phonenumber
calllog,get_calllog,"""Type""",type,
calllog,get_calllog,"""Duration in Secs""",duration_in_secs,
calllog,get_calllog,"""Partner Location""",partner_location,
calllog,get_calllog,"""Country ISO""",country_iso,
calllog,get_calllog,"""Data""",data,
calllog,get_calllog,"""Mime Type""",mime_type,
calllog,get_calllog,"""Transcription""",transcription,
calllog,get_calllog,"""Deleted""",deleted,
cmh,get_cmh,"""Timestamp""",timestamp,datetime
cmh,get_cmh,"""Date Added""",date_added,datetime
cmh,get_cmh,"""Date Modified""",date_modified,datetime
cmh,get_cmh,"""Title""",title,
cmh,get_cmh,"""Bucket Name""",bucket_name,
cmh,get_cmh,"""Latitude""",latitude,
cmh,get_cmh,"""Longitude""",longitude,
cmh,get_cmh,"""Address""",address,
cmh,get_cmh,"""URI""",uri,
cmh,get_cmh,"""Data Location""",data_location,
cmh,get_cmh,"""Is Private""",is_private,
MMWActivities,get_mmw_activities,"""ID""",id,
MMWActivities,get_mmw_activities,"""Start Time""",start_time,datetime
MMWActivities,get_mmw_activities,"""End Time""",end_time,datetime
MMWActivities,get_mmw_activities,"""Distance (km)""",distance_km,
MMWActivities,get_mmw_activities,"""Mean Speed""",mean_speed,
MMWActivities,get_mmw_activities,"""Duration (min)""",duration_min,
MMWActivities,get_mmw_activities,"""Latitude""",latitude,
MMWActivities,get_mmw_activities,"""Longitude""",longitude,
MMWActivities,get_mmw_activities,"""End Latitude""",end_latitude,
MMWActivities,get_mmw_activities,"""End Longitude""",end_longitude,
MMWActivities,get_mmw_activities,"""Route Map""",route_map,media
MMWActivities,get_mmw_activities,"""Route KML""",route_kml,media
ProtonDrive,protondrive_useraccount,"""User ID""",user_id,
ProtonDrive,protondrive_useraccount,"""Email Address""",email_address,
ProtonDrive,protondrive_useraccount,"""Username""",username,
ProtonDrive,protondrive_useraccount,"""Created Date""",created_date,datetime
ProtonDrive,protondrive_useraccount,"""Used Space (MB)""",used_space_mb,
ProtonDrive,protondrive_useraccount,"""Max Space (MB)""",max_space_mb,
ProtonDrive,protondrive_fileinfo,"""ID""",id,
ProtonDrive,protondrive_fileinfo,"""File Owner ID""",file_owner_id,
ProtonDrive,protondrive_fileinfo,"""Type""",type,
ProtonDrive,protondrive_fileinfo,"""Name""",name,
ProtonDrive,protondrive_fileinfo,"""State""",state,
ProtonDrive,protondrive_fileinfo,"""Creation Time""",creation_time,datetime
ProtonDrive,protondrive_fileinfo,"""Last Modified""",last_modified,datetime
ProtonDrive,protondrive_fileinfo,"""Trashed Time""",trashed_time,datetime
ProtonDrive,protondrive_fileinfo,"""Size""",size,
ProtonDrive,protondrive_fileinfo,"""MIME Type""",mime_type,
ProtonDrive,protondrive_fileinfo,"""Is Shared""",is_shared,
ProtonDrive,protondrive_fileinfo,"""Number of Accesses""",number_of_accesses,
appLockerfishingnetdb,get_appLockerfishingnetdb,"""Encrypted Pattern""",encrypted_pattern,
appLockerfishingnetdb,get_appLockerfishingnetdb,"""Decrypted Pattern""",decrypted_pattern,
appLockerfishingnetdb,get_appLockerfishingnetdb,"""Key To Decrypt""",key_to_decrypt,
slopes,get_slopes,"""Resort Name""",resort_name,
slopes,get_slopes,"""City""",city,
slopes,get_slopes,"""State""",state,
slopes,get_slopes,"""Country""",country,
slopes,get_slopes,"""Latitude""",latitude,
slopes,get_slopes,"""Longitude""",longitude,
slopes,get_slopes,"""Website""",website,
slopes,get_slopes,"""General Number""",general_number,
slopes,get_slopes,"""Ski Patrol Number""",ski_patrol_number,
slopes,get_slopes,"""Base Altitude""",base_altitude,
slopes,get_slopes,"""Summit Altitude""",summit_altitude,
slopes,get_slopes,"""Distance""",distance,
slopes,get_slopes,"""Very Easy Runs""",very_easy_runs,
slopes,get_slopes,"""Easy Runs""",easy_runs,
slopes,get_slopes,"""Intermediate Runs""",intermediate_runs,
slopes,get_slopes,"""Expert Runs""",expert_runs,
slopes,get_slopes,"""Has Ski Lift""",has_ski_lift,
slopes,get_slopes_actions,"""Timestamp (Start)""",timestamp_start,datetime
slopes,get_slopes_actions,"""Timestamp (End)""",timestamp_end,datetime
slopes,get_slopes_actions,"""Duration""",duration,
slopes,get_slopes_actions,"""Type""",type,
slopes,get_slopes_actions,"""Distance (M)""",distance_m,
slopes,get_slopes_actions,"""Max Latitude""",max_latitude,
slopes,get_slopes_actions,"""Max Longitude""",max_longitude,
slopes,get_slopes_actions,"""Min Latitude""",min_latitude,
slopes,get_slopes_actions,"""Min Longitude""",min_longitude,
slopes,get_slopes_actions,"""Average Speed""",average_speed,
slopes,get_slopes_actions,"""Top Speed""",top_speed,
slopes,get_slopes_actions,"""Max Altitude""",max_altitude,
slopes,get_slopes_actions,"""Min Altitude""",min_altitude,
slopes,get_slopes_actions,"""Resort Name""",resort_name,
slopes,get_slopes_lift,"""Name""",name,
slopes,get_slopes_lift,"""Type""",type,
slopes,get_slopes_lift,"""Capacity""",capacity,
slopes,get_slopes_lift,"""Start Latitude""",start_latitude,
slopes,get_slopes_lift,"""Start Longitude""",start_longitude,
slopes,get_slopes_lift,"""End Latitude""",end_latitude,
slopes,get_slopes_lift,"""End Longitude""",end_longitude,
slopes,get_slopes_lift,"""Pivots""",pivots,
slopes,get_slopes_lift,"""ID""",id,
slopes,get_slopes_lift,"""Resort Name""",resort_name,
slopes,get_slopes_lift,"""City""",city,
slopes,get_slopes_lift,"""State""",state,
slopes,get_slopes_lift,"""Country""",country,
wellbeing,get_wellbeing,"""Timestamp""",timestamp,datetime
wellbeing,get_wellbeing,"""Package Name""",package_name,
wellbeing,get_wellbeing,"""Event Type""",event_type,
wellbeing,get_wellbeing_url,"""Timestamp""",timestamp,datetime
wellbeing,get_wellbeing_url,"""Event ID""",event_id,
wellbeing,get_wellbeing_url,"""Package ID""",package_id,
wellbeing,get_wellbeing_url,"""Package Name""",package_name,
wellbeing,get_wellbeing_url,"""Component Name""",component_name,
wellbeing,get_wellbeing_url,"""Event""",event,
signalAndroid,get_signalMessages,"""Date Sent""",date_sent,datetime
signalAndroid,get_signalMessages,"""Date Received""",date_received,datetime
signalAndroid,get_signalMessages,"""Thread ID""",thread_id,
signalAndroid,get_signalMessages,"""Direction""",direction,
signalAndroid,get_signalMessages,"""Status""",status,
signalAndroid,get_signalMessages,"""Sender""",sender,
signalAndroid,get_signalMessages,"""Sender Phone Number""",sender_phone_number,
signalAndroid,get_signalMessages,"""Recipient""",recipient,
signalAndroid,get_signalMessages,"""Recipient Phone Number""",recipient_phone_number,
signalAndroid,get_signalMessages,"""Message""",message,
signalAndroid,get_signalMessages,"""Attachments""",attachments,media
signalAndroid,get_signalMessages,"""Attachment Count""",attachment_count,
signalAndroid,get_signalMessages,"""Read""",read,
signalAndroid,get_signalMessages,"""Remote Deleted""",remote_deleted,
signalAndroid,get_signalMessages,"""View Once""",view_once,
signalAndroid,get_signalMessages,"""Quoted Message""",quoted_message,
signalAndroid,get_signalMessages,"""Quoted Author""",quoted_author,
signalAndroid,get_signalMessages,"""Quoted Message Sent""",quoted_message_sent,datetime
signalAndroid,get_signalMessages,"""Quoted Message ID""",quoted_message_id,
signalAndroid,get_signalMessages,"""Quoted Original Missing""",quoted_original_missing,
signalAndroid,get_signalMessages,"""Disappearing Timer (Seconds)""",disappearing_timer_seconds,
signalAndroid,get_signalMessages,"""Message ID""",message_id,
signalAndroid,get_signalCalls,"""Timestamp""",timestamp,datetime
signalAndroid,get_signalCalls,"""Contact""",contact,
signalAndroid,get_signalCalls,"""Phone Number""",phone_number,
signalAndroid,get_signalCalls,"""Call Type""",call_type,
signalAndroid,get_signalCalls,"""Direction""",direction,
signalAndroid,get_signalCalls,"""Outcome""",outcome,
signalAndroid,get_signalCalls,"""Read""",read,
signalAndroid,get_signalCalls,"""Deleted Timestamp""",deleted_timestamp,datetime
signalAndroid,get_signalCalls,"""Call ID""",call_id,
signalAndroid,get_signalGroups,"""Created Timestamp""",created_timestamp,datetime
signalAndroid,get_signalGroups,"""Group Title""",group_title,
signalAndroid,get_signalGroups,"""Member Count""",member_count,
signalAndroid,get_signalGroups,"""Members""",members,
signalAndroid,get_signalGroups,"""Active""",active,
signalAndroid,get_signalGroups,"""MMS Group""",mms_group,
signalAndroid,get_signalGroups,"""Revision""",revision,
signalAndroid,get_signalGroups,"""Last Forced Update""",last_forced_update,datetime
signalAndroid,get_signalGroups,"""Group ID""",group_id,
signalAndroid,get_signalContacts,"""Name""",name,
signalAndroid,get_signalContacts,"""Phone Number""",phone_number,
signalAndroid,get_signalContacts,"""Username""",username,
signalAndroid,get_signalContacts,"""Recipient Type""",recipient_type,
signalAndroid,get_signalContacts,"""ACI""",aci,
signalAndroid,get_signalContacts,"""PNI""",pni,
signalAndroid,get_signalContacts,"""Blocked""",blocked,
signalAndroid,get_signalContacts,"""Hidden""",hidden,
signalAndroid,get_signalContacts,"""About""",about,
signalAndroid,get_signalContacts,"""Note""",note,
signalAndroid,get_signalContacts,"""Last Profile Fetch""",last_profile_fetch,datetime
signalAndroid,get_signalContacts,"""Recipient ID""",recipient_id,
signalAndroid,get_signalAttachments,"""Message Date Sent""",message_date_sent,datetime
signalAndroid,get_signalAttachments,"""Attachment""",attachment,media
signalAndroid,get_signalAttachments,"""Thumbnail""",thumbnail,media
signalAndroid,get_signalAttachments,"""File Name""",file_name,
signalAndroid,get_signalAttachments,"""Recorded Content Type""",recorded_content_type,
signalAndroid,get_signalAttachments,"""Detected Content Type""",detected_content_type,
signalAndroid,get_signalAttachments,"""Size (Bytes)""",size_bytes,
signalAndroid,get_signalAttachments,"""Stored File""",stored_file,
signalAndroid,get_signalAttachments,"""Transfer State""",transfer_state,
signalAndroid,get_signalAttachments,"""Voice Note""",voice_note,
signalAndroid,get_signalAttachments,"""Video GIF""",video_gif,
signalAndroid,get_signalAttachments,"""Dimensions""",dimensions,
signalAndroid,get_signalAttachments,"""Caption""",caption,
signalAndroid,get_signalAttachments,"""Upload Timestamp""",upload_timestamp,datetime
signalAndroid,get_signalAttachments,"""Sender""",sender,
signalAndroid,get_signalAttachments,"""Direction""",direction,
signalAndroid,get_signalAttachments,"""Thread ID""",thread_id,
signalAndroid,get_signalAttachments,"""Message ID""",message_id,
chromeCookies,get_chromeCookies,"""Last Access Date""",last_access_date,
chromeCookies,get_chromeCookies,"""Host""",host,
chromeCookies,get_chromeCookies,"""Name""",name,
chromeCookies,get_chromeCookies,"""Value""",value,
chromeCookies,get_chromeCookies,"""Created Date""",created_date,
chromeCookies,get_chromeCookies,"""Expiration Date""",expiration_date,
chromeCookies,get_chromeCookies,"""Path""",path,
alex_live_data,alex_live_wifi_conf_net,"""ID""",id,
alex_live_data,alex_live_wifi_conf_net,"""Creation Time""",creation_time,datetime
alex_live_data,alex_live_wifi_conf_net,"""Last Connected""",last_connected,datetime
alex_live_data,alex_live_wifi_conf_net,"""SSID""",ssid,
alex_live_data,alex_live_wifi_conf_net,"""BSSID""",bssid,
alex_live_data,alex_live_wifi_conf_net,"""DSBLE""",dsble,
alex_live_data,alex_live_wifi_conf_net,"""Hidden""",hidden,
alex_live_data,alex_live_wifi_conf_net,"""Random MAC""",random_mac,
alex_live_data,alex_live_wifi_conf_net,"""Autojoin""",autojoin,
alex_live_data,alex_live_usagestats_events,"""Time""",time,datetime
alex_live_data,alex_live_usagestats_events,"""Event Type""",event_type,
alex_live_data,alex_live_usagestats_events,"""Package""",package,
alex_live_data,alex_live_usagestats_events,"""Event""",event,
alex_live_data,alex_live_usagestats_events,"""Reason""",reason,
alex_live_data,alex_live_bt_bonded,"""MAC""",mac,
alex_live_data,alex_live_bt_bonded,"""Name""",name,
alex_live_data,alex_live_role,"""Name""",name,
alex_live_data,alex_live_role,"""Holders""",holders,
alex_live_data,alex_live_role,"""User""",user,
alex_live_data,alex_live_account,"""Type""",type,
alex_live_data,alex_live_account,"""Name""",name,
alex_live_data,alex_live_batterystats,"""Time""",time,datetime
alex_live_data,alex_live_batterystats,"""Battery Level""",battery_level,
alex_live_data,alex_live_batterystats,"""Mask""",mask,
alex_live_data,alex_live_batterystats,"""States (from Mask)""",states_from_mask,
alex_live_data,alex_live_batterystats,"""Message""",message,
alex_live_data,alex_live_appops,"""Access Timestamp""",access_timestamp,datetime
alex_live_data,alex_live_appops,"""Reject Timestamp""",reject_timestamp,datetime
alex_live_data,alex_live_appops,"""Package Name""",package_name,
alex_live_data,alex_live_appops,"""Permission""",permission,
alex_live_data,alex_live_appops,"""Value""",value,
alex_live_data,alex_live_logcat,"""Timestamp""",timestamp,datetime
alex_live_data,alex_live_logcat,"""PID""",pid,
alex_live_data,alex_live_logcat,"""TID""",tid,
alex_live_data,alex_live_logcat,"""Level""",level,
alex_live_data,alex_live_logcat,"""Tag""",tag,
alex_live_data,alex_live_logcat,"""Message""",message,
PumaUsers,get_puma_users,"""ID""",id,
PumaUsers,get_puma_users,"""Email""",email,
PumaUsers,get_puma_users,"""Name""",name,
PumaUsers,get_puma_users,"""Gender""",gender,
PumaUsers,get_puma_users,"""Date of Birth""",date_of_birth,datetime
PumaUsers,get_puma_users,"""Weight""",weight,
PumaUsers,get_puma_users,"""Height""",height,
PumaUsers,get_puma_users,"""Country""",country,
PumaUsers,get_puma_users,"""Location""",location,
PumaUsers,get_puma_users,"""Interests""",interests,
PumaUsers,get_puma_users,"""Profile Image URL""",profile_image_url,
PumaUsers,get_puma_users,"""Total Score""",total_score,
PumaUsers,get_puma_users,"""Following Count""",following_count,
PumaUsers,get_puma_users,"""Followers Count""",followers_count,
PumaUsers,get_puma_users,"""Goal""",goal,
PumaUsers,get_puma_users,"""Workout Time of Day""",workout_time_of_day,
PumaUsers,get_puma_users,"""Workout Duration""",workout_duration,
syncAccounts,syncAccountsXml,"""User""",user,
syncAccounts,syncAccountsXml,"""Account""",account,
syncAccounts,syncAccountsXml,"""Account Type""",account_type,
syncAccounts,syncAccountsXml,"""Authority""",authority,
syncAccounts,syncAccountsXml,"""Enabled""",enabled,
syncAccounts,syncAccountsXml,"""Syncable""",syncable,
syncAccounts,syncAccountsXml,"""ID""",id,
chatgpt,get_chatgpt,"""Account""",account,
chatgpt,get_chatgpt,"""Creation Date""",creation_date,datetime
chatgpt,get_chatgpt,"""Modification Date""",modification_date,datetime
chatgpt,get_chatgpt,"""Title""",title,
chatgpt,get_chatgpt,"""Moderation Results""",moderation_results,
chatgpt,get_chatgpt,"""Gizmo ID""",gizmo_id,
chatgpt,get_chatgpt,"""ID""",id,
chatgpt,get_chatgpt,"""Conversation ID""",conversation_id,
chatgpt,get_chatgpt,"""Remote ID""",remote_id,
chatgpt,get_chatgpt_conversations,"""Account""",account,
chatgpt,get_chatgpt_conversations,"""Message Date""",message_date,datetime
chatgpt,get_chatgpt_conversations,"""Message ID""",message_id,
chatgpt,get_chatgpt_conversations,"""Conversation ID""",conversation_id,
chatgpt,get_chatgpt_conversations,"""Title""",title,
chatgpt,get_chatgpt_conversations,"""Role""",role,
chatgpt,get_chatgpt_conversations,"""Content""",content,
chatgpt,get_chatgpt_conversations,"""Role Name""",role_name,
chatgpt,get_chatgpt_conversations,"""Attachments""",attachments,
chatgpt,get_chatgpt_conversations,"""Model""",model,
chatgpt,get_chatgpt_conversations,"""Complete""",complete,
chatgpt,get_chatgpt_conversations,"""Blocked""",blocked,
chatgpt,get_chatgpt_conversations,"""Flagged""",flagged,
chatgpt,get_chatgpt_conversations,"""Interrupted""",interrupted,
chatgpt,get_chatgpt_conversations,"""User System Message""",user_system_message,
chatgpt,get_chatgpt_conversations,"""Voice Message""",voice_message,
chatgpt,get_chatgpt_user,"""User-ID""",userid,
chatgpt,get_chatgpt_user,"""Email""",email,
chatgpt,get_chatgpt_user,"""Name""",name,
chatgpt,get_chatgpt_user,"""Account Creation Time""",account_creation_time,datetime
chatgpt,get_chatgpt_user,"""Picture""",picture,
chatgpt,get_chatgpt_accountstatus,"""Account""",account,
chatgpt,get_chatgpt_accountstatus,"""Account-ID""",accountid,
chatgpt,get_chatgpt_accountstatus,"""Account-User-ID""",accountuserid,
chatgpt,get_chatgpt_accountstatus,"""Subscription Plan""",subscription_plan,
chatgpt,get_chatgpt_accountstatus,"""Plan Type""",plan_type,
chatgpt,get_chatgpt_accountstatus,"""Subscription Purchase Origin""",subscription_purchase_origin,
chatgpt,get_chatgpt_accountstatus,"""Subscription Will Renew""",subscription_will_renew,
chatgpt,get_chatgpt_accountstatus,"""Structure""",structure,
chatgpt,get_chatgpt_accountstatus,"""Is Deactivated""",is_deactivated,
chatgpt,get_chatgpt_accountuserstate,"""Is Active Account""",is_active_account,
chatgpt,get_chatgpt_accountuserstate,"""Account-ID""",accountid,
chatgpt,get_chatgpt_accountuserstate,"""User-ID""",userid,
chatgpt,get_chatgpt_accountuserstate,"""Account-User-ID""",accountuserid,
chatgpt,get_chatgpt_accountuserstate,"""Email""",email,
chatgpt,get_chatgpt_accountuserstate,"""Name""",name,
chatgpt,get_chatgpt_accountuserstate,"""Account Creation Time""",account_creation_time,datetime
chatgpt,get_chatgpt_accountuserstate,"""Subscription Plan""",subscription_plan,
chatgpt,get_chatgpt_accountuserstate,"""Plan Type""",plan_type,
chatgpt,get_chatgpt_accountuserstate,"""Subscription Purchase Origin""",subscription_purchase_origin,
chatgpt,get_chatgpt_accountuserstate,"""Subscription Will Renew""",subscription_will_renew,
chatgpt,get_chatgpt_accountuserstate,"""Plan Expiration Date""",plan_expiration_date,
chatgpt,get_chatgpt_accountuserstate,"""Structure""",structure,
chatgpt,get_chatgpt_accountuserstate,"""Is Deactivated""",is_deactivated,
chatgpt,get_chatgpt_accountuserstate,"""Picture""",picture,
chatgpt,get_chatgpt_custominstructions,"""Are Enabled""",are_enabled,
chatgpt,get_chatgpt_custominstructions,"""About User Message""",about_user_message,
chatgpt,get_chatgpt_custominstructions,"""About Model Message""",about_model_message,
chatgpt,get_chatgpt_usersettings,"""Chat History Disabled""",chat_history_disabled,
chatgpt,get_chatgpt_usersettings,"""Seen Custom Instructions Intro""",seen_custom_instructions_intro,
chatgpt,get_chatgpt_usersettings,"""Seen Voice Intro""",seen_voice_intro,
chatgpt,get_chatgpt_usersettings,"""Seen Voice Selection""",seen_voice_selection,
chatgpt,get_chatgpt_analytics,"""User-ID""",userid,
chatgpt,get_chatgpt_analytics,"""Anonymous-ID""",anonymousid,
chatgpt,get_chatgpt_analytics,"""Email""",email,
chatgpt,get_chatgpt_analytics,"""Device-ID""",deviceid,
chatgpt,get_chatgpt_analytics,"""Workspace-ID""",workspaceid,
chatgpt,get_chatgpt_analytics,"""Account Has Plus""",account_has_plus,
chatgpt,get_chatgpt_analytics,"""Plan Type""",plan_type,
chatgpt,get_chatgpt_analytics,"""Has Active Subscription""",has_active_subscription,
chatgpt,get_chatgpt_analytics,"""App Version""",app_version,
chatgpt,get_chatgpt_media,"""Thumbnail""",thumbnail,media
chatgpt,get_chatgpt_media,"""Filename""",filename,
chatgpt,get_chatgpt_media,"""Location""",location,
mega_transfers,get_mega_transfers,"""Timestamp""",timestamp,datetime
mega_transfers,get_mega_transfers,"""Mega Folder""",mega_folder,
mega_transfers,get_mega_transfers,"""Filename""",filename,
mega_transfers,get_mega_transfers,"""Size""",size,
mega_transfers,get_mega_transfers,"""Direction""",direction,
mega_transfers,get_mega_transfers,"""State""",state,
mega_transfers,get_mega_transfers,"""Transfer Path""",transfer_path,
appopSetupWiz,get_appopSetupWiz,"""Timestamp""",timestamp,datetime
appopSetupWiz,get_appopSetupWiz,"""Package""",package,
skout,get_skout_messages,"""Timestamp""",timestamp,datetime
skout,get_skout_messages,"""User""",user,
skout,get_skout_messages,"""Message""",message,
skout,get_skout_messages,"""Type""",type,
skout,get_skout_messages,"""Picture URL""",picture_url,
skout,get_skout_messages,"""Gift URL""",gift_url,
skout,get_skout_messages,"""Thread ID""",thread_id,
skout,get_skout_users,"""Last Message Timestamp""",last_message_timestamp,datetime
skout,get_skout_users,"""User""",user,
skout,get_skout_users,"""Picture URL""",picture_url,
skout,get_skout_users,"""User ID""",user_id,
appLockerfishingnetpat,get_appLockerfishingnetpat,"""Encrypted Pattern""",encrypted_pattern,
appLockerfishingnetpat,get_appLockerfishingnetpat,"""Decrypted Pattern""",decrypted_pattern,
RandoChat,randochat_messages,"""Timestamp""",timestamp,datetime
RandoChat,randochat_messages,"""Content""",content,
RandoChat,randochat_messages,"""Contact Username""",contact_username,
RandoChat,randochat_messages,"""Sent?""",sent,
RandoChat,randochat_messages,"""Media File""",media_file,media
RandoChat,randochat_messages,"""Conversation ID""",conversation_id,
RandoChat,randochat_messages,"""Message ID""",message_id,
RandoChat,randochat_account,"""Username""",username,
RandoChat,randochat_account,"""User Sex""",user_sex,
RandoChat,randochat_account,"""User Age""",user_age,
RandoChat,randochat_account,"""Language""",language,
RandoChat,randochat_account,"""Device ID""",device_id,
RandoChat,randochat_account,"""Preferred Age From""",preferred_age_from,
RandoChat,randochat_account,"""Preferred Age To""",preferred_age_to,
RandoChat,randochat_account,"""Preferred Sex""",preferred_sex,
RandoChat,randochat_contacts,"""Account ID""",account_id,
RandoChat,randochat_contacts,"""Username""",username,
RandoChat,randochat_contacts,"""Age""",age,
RandoChat,randochat_contacts,"""Sex""",sex,
RandoChat,randochat_contacts,"""Favorite?""",favorite,
RandoChat,randochat_contacts,"""Blocked?""",blocked,
RandoChat,randochat_contacts,"""Link Profile Pic""",link_profile_pic,
googleAccountHistory,gmsAccountHistory,"""Account Name""",account_name,
googleAccountHistory,gmsAccountHistory,"""Change Type""",change_type,
googleAccountHistory,gmsAccountHistory,"""Event Index""",event_index,
googleAccountHistory,gmsAccountHistory,"""Change Data""",change_data,
RunkeeperUser,get_run_user,"""Name""",name,
RunkeeperUser,get_run_user,"""Value""",value,
permissions,get_permissions_trees,"""Name""",name,
permissions,get_permissions_trees,"""Package""",package,
permissions,get_permissions_list,"""Name""",name,
permissions,get_permissions_list,"""Package""",package,
permissions,get_permissions_list,"""Protection""",protection,
permissions,get_permissions_packages,"""Type""",type,
permissions,get_permissions_packages,"""Package""",package,
permissions,get_permissions_packages,"""Permission""",permission,
permissions,get_permissions_packages,"""Granted?""",granted,
googlemapaudioTemp,get_googlemapaudioTemp,"""Timestamp Modified""",timestamp_modified,datetime
googlemapaudioTemp,get_googlemapaudioTemp,"""Audio""",audio,media
googlemapaudioTemp,get_googlemapaudioTemp,"""Filename""",filename,
googlemapaudioTemp,get_googlemapaudioTemp,"""File Size""",file_size,
LinkedIn,linkedin_account,"""Last Login""",last_login,datetime
LinkedIn,linkedin_account,"""Member ID""",member_id,
LinkedIn,linkedin_account,"""Account Mail""",account_mail,
LinkedIn,linkedin_account,"""Last Name""",last_name,
LinkedIn,linkedin_account,"""First Name""",first_name,
LinkedIn,linkedin_account,"""Headline""",headline,
LinkedIn,linkedin_account,"""Public Identifier""",public_identifier,
LinkedIn,linkedin_messages,"""Delivery Date""",delivery_date,datetime
LinkedIn,linkedin_messages,"""Delivery Status""",delivery_status,
LinkedIn,linkedin_messages,"""Sender Name""",sender_name,
LinkedIn,linkedin_messages,"""Sender Headline""",sender_headline,
LinkedIn,linkedin_messages,"""Sender Profile Url""",sender_profile_url,
LinkedIn,linkedin_messages,"""Sender Distance""",sender_distance,
LinkedIn,linkedin_messages,"""Subject""",subject,
LinkedIn,linkedin_messages,"""Message""",message,
LinkedIn,linkedin_messages,"""Conversation Urn""",conversation_urn,
LinkedIn,linkedin_messages,"""Sent""",sent,
LinkedIn,linkedin_messages,"""Conversation Label""",conversation_label,
tikTok,get_tikTok,"""Timestamp""",timestamp,datetime
tikTok,get_tikTok,"""UID""",uid,
tikTok,get_tikTok,"""Unique ID""",unique_id,
tikTok,get_tikTok,"""Nickname""",nickname,
tikTok,get_tikTok,"""Message""",message,
tikTok,get_tikTok,"""Link GIF Name""",link_gif_name,
tikTok,get_tikTok,"""Link GIF URL""",link_gif_url,
tikTok,get_tikTok,"""Read?""",read,
tikTok,get_tikTok,"""Local Info""",local_info,
tikTok,get_tikTok,"""Conversation ID""",conversation_id,
tikTok,get_tikTok,"""Direction""",direction,
tikTok,get_tikTok_contacts,"""UID""",uid,
tikTok,get_tikTok_contacts,"""Nickname""",nickname,
tikTok,get_tikTok_contacts,"""Unique ID""",unique_id,
tikTok,get_tikTok_contacts,"""Initial Letter""",initial_letter,
tikTok,get_tikTok_contacts,"""Avatar URL""",avatar_url,
tikTok,get_tikTok_contacts,"""Follow Status""",follow_status,
samsungMediaProvider,samsungMediaFiles,"""Date Taken""",date_taken,datetime
samsungMediaProvider,samsungMediaFiles,"""Date Added""",date_added,datetime
samsungMediaProvider,samsungMediaFiles,"""Date Modified""",date_modified,datetime
samsungMediaProvider,samsungMediaFiles,"""Display Name""",display_name,
samsungMediaProvider,samsungMediaFiles,"""Path""",path,
samsungMediaProvider,samsungMediaFiles,"""MIME Type""",mime_type,
samsungMediaProvider,samsungMediaFiles,"""Size""",size,
samsungMediaProvider,samsungMediaFiles,"""Latitude""",latitude,
samsungMediaProvider,samsungMediaFiles,"""Longitude""",longitude,
samsungMediaProvider,samsungMediaFiles,"""Address""",address,
samsungMediaProvider,samsungMediaFiles,"""Bucket""",bucket,
samsungMediaProvider,samsungMediaFiles,"""Owner Package""",owner_package,
samsungMediaProvider,samsungMediaFiles,"""Captured URL""",captured_url,
samsungMediaProvider,samsungMediaFiles,"""Captured App""",captured_app,
samsungMediaProvider,samsungMediaFiles,"""Is Favorite""",is_favorite,
samsungMediaProvider,samsungMediaFiles,"""Is Hide""",is_hide,
samsungMediaProvider,samsungMediaFiles,"""Is Trashed""",is_trashed,
samsungMediaProvider,samsungMediaFiles,"""Deleted""",deleted,
samsungMediaProvider,samsungMediaLocations,"""Latitude""",latitude,
samsungMediaProvider,samsungMediaLocations,"""Longitude""",longitude,
samsungMediaProvider,samsungMediaLocations,"""Address Text""",address_text,
samsungMediaProvider,samsungMediaLocations,"""Country""",country,
samsungMediaProvider,samsungMediaLocations,"""Country Code""",country_code,
samsungMediaProvider,samsungMediaLocations,"""Admin Area""",admin_area,
samsungMediaProvider,samsungMediaLocations,"""Sub Admin Area""",sub_admin_area,
samsungMediaProvider,samsungMediaLocations,"""Locality""",locality,
samsungMediaProvider,samsungMediaLocations,"""Sub Locality""",sub_locality,
samsungMediaProvider,samsungMediaLocations,"""Street Name""",street_name,
samsungMediaProvider,samsungMediaLocations,"""Street Number""",street_number,
samsungMediaProvider,samsungMediaLocations,"""Postal Code""",postal_code,
FCMQueuedMessagesJungrammer,get_fcm_jungrammer,"""Timestamp""",timestamp,datetime
FCMQueuedMessagesJungrammer,get_fcm_jungrammer,"""Conversation Key""",conversation_key,
FCMQueuedMessagesJungrammer,get_fcm_jungrammer,"""Package""",package,
FCMQueuedMessagesJungrammer,get_fcm_jungrammer,"""Other Party Details""",other_party_details,
FCMQueuedMessagesJungrammer,get_fcm_jungrammer,"""From Token""",from_token,
FCMQueuedMessagesJungrammer,get_fcm_jungrammer,"""Message Type""",message_type,
FCMQueuedMessagesJungrammer,get_fcm_jungrammer,"""Message""",message,
OneDrive_Metadata,get_onedrive,"""Item Date""",item_date,datetime
OneDrive_Metadata,get_onedrive,"""ID""",id,
OneDrive_Metadata,get_onedrive,"""Extension""",extension,
OneDrive_Metadata,get_onedrive,"""File or Folder Name""",file_or_folder_name,
OneDrive_Metadata,get_onedrive,"""Owner Name""",owner_name,
OneDrive_Metadata,get_onedrive,"""Sha1 Hash""",sha1_hash,
OneDrive_Metadata,get_onedrive,"""Parent ID""",parent_id,
OneDrive_Metadata,get_onedrive,"""Stream Location""",stream_location,
OneDrive_Metadata,get_onedrive,"""Preview""",preview,media
OneDrive_Metadata,get_onedrive,"""Preview Info""",preview_info,
mega,get_mega,"""Message Timestamp""",message_timestamp,datetime
mega,get_mega,"""Sender""",sender,
mega,get_mega,"""Message Type""",message_type,
mega,get_mega,"""Chat Message""",chat_message,
mega,get_mega,"""Attachment Name""",attachment_name,
sChats,get_schats,"""Timestamp (UTC)""",timestamp_utc,datetime
sChats,get_schats,"""First Name""",first_name,
sChats,get_schats,"""Last Name""",last_name,
sChats,get_schats,"""Method""",method,
sChats,get_schats,"""Message Text""",message_text,
sChats,get_schats,"""Duration""",duration,
sChats,get_schats,"""Phone Number""",phone_number,phonenumber
SimpleStorage_applaunch,SimpleStorage_applaunch,"""App Launched Timestamp""",app_launched_timestamp,datetime
SimpleStorage_applaunch,SimpleStorage_applaunch,"""App Name""",app_name,
SimpleStorage_applaunch,SimpleStorage_applaunch,"""Launched From""",launched_from,
SimpleStorage_applaunch,SimpleStorage_applaunch,"""Source File""",source_file,
GarminStressAPI,get_stress_api,"""Date""",date,
GarminStressAPI,get_stress_api,"""Stress Level""",stress_level,
GarminStressAPI,get_stress_api,"""High Stress Duration""",high_stress_duration,
GarminStressAPI,get_stress_api,"""Medium Stress Duration""",medium_stress_duration,
GarminStressAPI,get_stress_api,"""Low Stress Duration""",low_stress_duration,
GarminStressAPI,get_stress_api,"""Rest Stress Duration""",rest_stress_duration,
SamsungNotes,snotes,"""Creation Time""",creation_time,datetime
SamsungNotes,snotes,"""Last Modification Time""",last_modification_time,datetime
SamsungNotes,snotes,"""Title""",title,
SamsungNotes,snotes,"""Text Content""",text_content,
SamsungNotes,snotes,"""Deleted?""",deleted,
SamsungNotes,snotes,"""Deletion Time""",deletion_time,datetime
SamsungNotes,snotes,"""First Opened Time""",first_opened_time,datetime
SamsungNotes,snotes,"""Second Opened Time""",second_opened_time,datetime
SamsungNotes,snotes,"""Last Opened Time""",last_opened_time,datetime
SamsungNotes,snotes,"""Media""",media,media
packageGplinks,get_packageGplinks,"""Bundle ID""",bundle_id,
packageGplinks,get_packageGplinks,"""Possible Google Play Store Link""",possible_google_play_store_link,
chrome,get_chrome,"""Last Visit Time""",last_visit_time,
chrome,get_chrome,"""URL""",url,
chrome,get_chrome,"""Title""",title,
chrome,get_chrome,"""Visit Count""",visit_count,
chrome,get_chrome,"""Typed Count""",typed_count,
chrome,get_chrome,"""ID""",id,
chrome,get_chrome,"""Hidden""",hidden,
chrome,get_chromeWebVisits,"""Visit Timestamp""",visit_timestamp,
chrome,get_chromeWebVisits,"""URL""",url,
chrome,get_chromeWebVisits,"""Title""",title,
chrome,get_chromeWebVisits,"""Duration""",duration,
chrome,get_chromeWebVisits,"""Transition Type""",transition_type,
chrome,get_chromeWebVisits,"""Qualifier(s)""",qualifiers,
chrome,get_chromeWebVisits,"""From Visit URL""",from_visit_url,
chrome,get_chromeSearchTerms,"""Last Visit Time""",last_visit_time,
chrome,get_chromeSearchTerms,"""Search Term""",search_term,
chrome,get_chromeSearchTerms,"""URL""",url,
chrome,get_chromeSearchTerms,"""Title""",title,
chrome,get_chromeSearchTerms,"""Visit Count""",visit_count,
chrome,get_chromeDownloads,"""Start Time""",start_time,
chrome,get_chromeDownloads,"""End Time""",end_time,
chrome,get_chromeDownloads,"""Last Access Time""",last_access_time,
chrome,get_chromeDownloads,"""Tab URL""",tab_url,
chrome,get_chromeDownloads,"""Target Path""",target_path,
chrome,get_chromeDownloads,"""State""",state,
chrome,get_chromeDownloads,"""Danger Type""",danger_type,
chrome,get_chromeDownloads,"""Interrupt Reason""",interrupt_reason,
chrome,get_chromeDownloads,"""Opened?""",opened,
chrome,get_chromeDownloads,"""Received Bytes""",received_bytes,
chrome,get_chromeDownloads,"""Total Bytes""",total_bytes,
chrome,get_chromeKeywordSearchTerms,"""Last Visit Time""",last_visit_time,
chrome,get_chromeKeywordSearchTerms,"""Term""",term,
chrome,get_chromeKeywordSearchTerms,"""URL""",url,
GarminWeight,get_garmin_weight,"""samplePk""",samplepk,
GarminWeight,get_garmin_weight,"""Date""",date,datetime
GarminWeight,get_garmin_weight,"""Weight""",weight,
googleTasks,get_googleTasks,"""Created Time""",created_time,datetime
googleTasks,get_googleTasks,"""Last Modified Time""",last_modified_time,datetime
googleTasks,get_googleTasks,"""Completed Time""",completed_time,datetime
googleTasks,get_googleTasks,"""Task Due Date (as stored)""",task_due_date_as_stored,
googleTasks,get_googleTasks,"""Time Zone""",time_zone,
googleTasks,get_googleTasks,"""Task ID""",task_id,
googleTasks,get_googleTasks,"""Task List ID""",task_list_id,
googleTasks,get_googleTasks,"""Task Recurrence Id""",task_recurrence_id,
googleTasks,get_googleTasks,"""Task Name""",task_name,
googleTasks,get_googleTasks,"""Task Details""",task_details,
googleTasks,get_googleTasks,"""Completed""",completed,
googleTasks,get_googleTasks,"""Has Dirty State""",has_dirty_state,
RomeoDatingApp,romeo_dating_messages,"""Timestamp""",timestamp,datetime
RomeoDatingApp,romeo_dating_messages,"""Contact ID""",contact_id,
RomeoDatingApp,romeo_dating_messages,"""Contact Username""",contact_username,
RomeoDatingApp,romeo_dating_messages,"""Text""",text,
RomeoDatingApp,romeo_dating_messages,"""Status""",status,
RomeoDatingApp,romeo_dating_messages,"""Saved?""",saved,
RomeoDatingApp,romeo_dating_messages,"""Unread?""",unread,
RomeoDatingApp,romeo_dating_messages,"""Message ID""",message_id,
RomeoDatingApp,romeo_dating_messages,"""Image Contained?""",image_contained,
RomeoDatingApp,romeo_dating_messages,"""Source Database""",source_database,
RomeoDatingApp,romeo_dating_contacts,"""Last Fetched""",last_fetched,datetime
RomeoDatingApp,romeo_dating_contacts,"""Deleted""",deleted,datetime
RomeoDatingApp,romeo_dating_contacts,"""Contact ID""",contact_id,
RomeoDatingApp,romeo_dating_contacts,"""Contact Name""",contact_name,
RomeoDatingApp,romeo_dating_contacts,"""Headline""",headline,
RomeoDatingApp,romeo_dating_contacts,"""Notes""",notes,
RomeoDatingApp,romeo_dating_contacts,"""Status""",status,
RomeoDatingApp,romeo_dating_contacts,"""Age""",age,
RomeoDatingApp,romeo_dating_contacts,"""Weight""",weight,
RomeoDatingApp,romeo_dating_contacts,"""Height""",height,
RomeoDatingApp,romeo_dating_contacts,"""City""",city,
RomeoDatingApp,romeo_dating_contacts,"""Country""",country,
RomeoDatingApp,romeo_dating_contacts,"""Deactivated?""",deactivated,
RomeoDatingApp,romeo_dating_contacts,"""Blocked?""",blocked,
RomeoDatingApp,romeo_dating_contacts,"""Source Database""",source_database,
RomeoDatingApp,romeo_dating_accounts,"""Account ID""",account_id,
RomeoDatingApp,romeo_dating_accounts,"""Username""",username,
RomeoDatingApp,romeo_dating_accounts,"""E-Mail""",email,
RomeoDatingApp,romeo_dating_accounts,"""Address""",address,
RomeoDatingApp,romeo_dating_accounts,"""City""",city,
RomeoDatingApp,romeo_dating_accounts,"""Latitude""",latitude,
RomeoDatingApp,romeo_dating_accounts,"""Longitude""",longitude,
RomeoDatingApp,romeo_dating_accounts,"""Headline""",headline,
RomeoDatingApp,romeo_dating_accounts,"""Profile Text""",profile_text,
RomeoDatingApp,romeo_dating_accounts,"""Creation Date""",creation_date,datetime
RomeoDatingApp,romeo_dating_accounts,"""Last Login Date""",last_login_date,datetime
RomeoDatingApp,romeo_dating_accounts,"""Age""",age,
RomeoDatingApp,romeo_dating_accounts,"""Birthdate""",birthdate,
galleryTrash,get_galleryTrash,"""Timestamp""",timestamp,datetime
galleryTrash,get_galleryTrash,"""Date Deleted""",date_deleted,datetime
galleryTrash,get_galleryTrash,"""Deleted Media""",deleted_media,media
galleryTrash,get_galleryTrash,"""Trash Title""",trash_title,
galleryTrash,get_galleryTrash,"""Original Title""",original_title,
galleryTrash,get_galleryTrash,"""Trash Path""",trash_path,
galleryTrash,get_galleryTrash,"""Original Path""",original_path,
galleryTrash,get_galleryTrash,"""Extra Data""",extra_data,
galleryTrash,get_galleryTrash,"""Latitude""",latitude,
galleryTrash,get_galleryTrash,"""Longitude""",longitude,
Cello,get_Cello,"""Created Date""",created_date,datetime
Cello,get_Cello,"""File Name""",file_name,
Cello,get_Cello,"""Modified Date""",modified_date,datetime
Cello,get_Cello,"""Shared with User Date""",shared_with_user_date,datetime
Cello,get_Cello,"""Modified by User Date""",modified_by_user_date,datetime
Cello,get_Cello,"""Viewed by User Date""",viewed_by_user_date,datetime
Cello,get_Cello,"""Mime Type""",mime_type,
Cello,get_Cello,"""Offline""",offline,
Cello,get_Cello,"""Quota Size""",quota_size,
Cello,get_Cello,"""Folder""",folder,
Cello,get_Cello,"""User is Owner""",user_is_owner,
Cello,get_Cello,"""Deleted""",deleted,
Cello,get_Cello,"""Offline File""",offline_file,media
Cello,get_Cello,"""Source File""",source_file,
waze,waze_session_info,"""Timestamp""",timestamp,datetime
waze,waze_session_info,"""Friendly Name""",friendly_name,
waze,waze_session_info,"""Field""",field,
waze,waze_session_info,"""Value""",value,
waze,waze_session_info,"""Latitude""",latitude,
waze,waze_session_info,"""Longitude""",longitude,
waze,waze_session_info,"""Location""",location,
waze,waze_search_history,"""Updated""",updated,datetime
waze,waze_search_history,"""Name""",name,
waze,waze_search_history,"""House Number""",house_number,
waze,waze_search_history,"""Street""",street,
waze,waze_search_history,"""City""",city,
waze,waze_search_history,"""State""",state,
waze,waze_search_history,"""Country""",country,
waze,waze_search_history,"""Latitude""",latitude,
waze,waze_search_history,"""Longitude""",longitude,
waze,waze_search_history,"""Residential Status""",residential_status,
waze,waze_search_history,"""Created""",created,datetime
waze,waze_search_history,"""Venue ID""",venue_id,
waze,waze_search_history,"""Location""",location,
waze,waze_recent_locations,"""Last Access""",last_access,datetime
waze,waze_recent_locations,"""Type""",type,
waze,waze_recent_locations,"""Name""",name,
waze,waze_recent_locations,"""House Number""",house_number,
waze,waze_recent_locations,"""Street""",street,
waze,waze_recent_locations,"""City""",city,
waze,waze_recent_locations,"""State""",state,
waze,waze_recent_locations,"""Country""",country,
waze,waze_recent_locations,"""Latitude""",latitude,
waze,waze_recent_locations,"""Longitude""",longitude,
waze,waze_recent_locations,"""Created""",created,datetime
waze,waze_recent_locations,"""Last Waypoint Access""",last_waypoint_access,datetime
waze,waze_recent_locations,"""Image ID""",image_id,
waze,waze_recent_locations,"""Venue ID""",venue_id,
waze,waze_recent_locations,"""Location""",location,
waze,waze_shared_locations,"""Shared""",shared,datetime
waze,waze_shared_locations,"""Name""",name,
waze,waze_shared_locations,"""House Number""",house_number,
waze,waze_shared_locations,"""Street""",street,
waze,waze_shared_locations,"""City""",city,
waze,waze_shared_locations,"""State""",state,
waze,waze_shared_locations,"""Country""",country,
waze,waze_shared_locations,"""Latitude""",latitude,
waze,waze_shared_locations,"""Longitude""",longitude,
waze,waze_shared_locations,"""Created""",created,datetime
waze,waze_shared_locations,"""Modified""",modified,datetime
waze,waze_shared_locations,"""Last Access""",last_access,datetime
waze,waze_shared_locations,"""Waze User ID""",waze_user_id,
waze,waze_shared_locations,"""Venue ID""",venue_id,
waze,waze_shared_locations,"""Location""",location,
waze,waze_planned_events,"""Created Time""",created_time,datetime
waze,waze_planned_events,"""Type""",type,
waze,waze_planned_events,"""Event Name""",event_name,
waze,waze_planned_events,"""Start Time""",start_time,datetime
waze,waze_planned_events,"""End Time""",end_time,datetime
waze,waze_planned_events,"""All Day""",all_day,
waze,waze_planned_events,"""Image URL""",image_url,
waze,waze_planned_events,"""Place Name""",place_name,
waze,waze_planned_events,"""House Number""",house_number,
waze,waze_planned_events,"""Street""",street,
waze,waze_planned_events,"""City""",city,
waze,waze_planned_events,"""State""",state,
waze,waze_planned_events,"""Country""",country,
waze,waze_planned_events,"""Latitude""",latitude,
waze,waze_planned_events,"""Longitude""",longitude,
waze,waze_planned_events,"""Origin Place Name""",origin_place_name,
waze,waze_planned_events,"""Venue ID""",venue_id,
waze,waze_planned_events,"""Event ID""",event_id,
waze,waze_planned_events,"""Location""",location,
waze,waze_tts,"""Timestamp""",timestamp,datetime
waze,waze_tts,"""Text Type""",text_type,
waze,waze_tts,"""Text""",text,
waze,waze_tts,"""Location""",location,
smyfilesStored,get_smyfilesStored,"""Timestamp""",timestamp,datetime
smyfilesStored,get_smyfilesStored,"""Storage""",storage,
smyfilesStored,get_smyfilesStored,"""Path""",path,
smyfilesStored,get_smyfilesStored,"""Size""",size,
smyfilesStored,get_smyfilesStored,"""Latest""",latest,datetime
smyfilescache,get_smyfilescache,"""Timestamp Modified""",timestamp_modified,datetime
smyfilescache,get_smyfilescache,"""Media""",media,media
smyfilescache,get_smyfilescache,"""Media Cache ID""",media_cache_id,
smyfilescache,get_smyfilescache,"""Path""",path,
smyfilescache,get_smyfilescache,"""Size""",size,
smyfilescache,get_smyfilescache,"""Latest""",latest,datetime
sharedProto,get_sharedProto,"""Timestamp""",timestamp,datetime
sharedProto,get_sharedProto,"""Timestamp B""",timestamp_b,
sharedProto,get_sharedProto,"""Record Key""",record_key,
sharedProto,get_sharedProto,"""Record Sequence""",record_sequence,
sharedProto,get_sharedProto,"""URL One""",url_one,
sharedProto,get_sharedProto,"""URL Two""",url_two,
sharedProto,get_sharedProto,"""Domain""",domain,
sharedProto,get_sharedProto,"""Data""",data,
sharedProto,get_sharedProto,"""Origin""",origin,
SamsungDeviceHealthManagement,sdhms_config_reloads,"""Config Reload Time""",config_reload_time,datetime
SamsungDeviceHealthManagement,sdhms_config_reloads,"""Config Reload Reason""",config_reload_reason,
SamsungDeviceHealthManagement,sdhms_config_reloads,"""Config Key""",config_key,
SamsungDeviceHealthManagement,sdhms_config_reloads,"""Config Version""",config_version,
SamsungDeviceHealthManagement,sdhms_netstat,"""Start Time""",start_time,datetime
SamsungDeviceHealthManagement,sdhms_netstat,"""End Time""",end_time,datetime
SamsungDeviceHealthManagement,sdhms_netstat,"""Entry ID""",entry_id,
SamsungDeviceHealthManagement,sdhms_netstat,"""Package Name""",package_name,
SamsungDeviceHealthManagement,sdhms_netstat,"""Package UID""",package_uid,
SamsungDeviceHealthManagement,sdhms_netstat,"""Network Usage""",network_usage,
SamsungDeviceHealthManagement,sdhms_temperature,"""Timestamp""",timestamp,datetime
SamsungDeviceHealthManagement,sdhms_temperature,"""Chassis Temperature""",chassis_temperature,
SamsungDeviceHealthManagement,sdhms_temperature,"""Processor Temperatur""",processor_temperatur,
SamsungDeviceHealthManagement,sdhms_temperature,"""Battery Temperature""",battery_temperature,
SamsungDeviceHealthManagement,sdhms_temperature,"""USB Temperature""",usb_temperature,
SamsungDeviceHealthManagement,sdhms_temperature,"""Charging IC Temperature""",charging_ic_temperature,
SamsungDeviceHealthManagement,sdhms_temperature,"""Cellular Radio Temperature""",cellular_radio_temperature,
SamsungDeviceHealthManagement,sdhms_temperature,"""WiFi Temperature""",wifi_temperature,
SamsungDeviceHealthManagement,sdhms_cpustats,"""Start Time""",start_time,datetime
SamsungDeviceHealthManagement,sdhms_cpustats,"""End Time""",end_time,datetime
SamsungDeviceHealthManagement,sdhms_cpustats,"""Uptime""",uptime,
SamsungDeviceHealthManagement,sdhms_cpustats,"""Process Name""",process_name,
SamsungDeviceHealthManagement,sdhms_cpustats,"""Package ID""",package_id,
SamsungDeviceHealthManagement,sdhms_cpustats,"""Process ID""",process_id,
SamsungDeviceHealthManagement,sdhms_cpustats,"""Process CPU Usage""",process_cpu_usage,
chromeTopSites,get_chromeTopSites,"""URL""",url,
chromeTopSites,get_chromeTopSites,"""Rank""",rank,
chromeTopSites,get_chromeTopSites,"""Title""",title,
chromeTopSites,get_chromeTopSites,"""Redirects""",redirects,
StravaGPS,get_gps,"""Activity Type""",activity_type,
StravaGPS,get_gps,"""Start Time""",start_time,datetime
StravaGPS,get_gps,"""End Time""",end_time,datetime
StravaGPS,get_gps,"""Total Time (minutes)""",total_time_minutes,
StravaGPS,get_gps,"""Total Distance (km)""",total_distance_km,
StravaGPS,get_gps,"""Latitude""",latitude,
StravaGPS,get_gps,"""Longitude""",longitude,
StravaGPS,get_gps,"""Route Map""",route_map,media
StravaGPS,get_gps,"""Route KML""",route_kml,media
installedappsVending,get_installedappsVending,"""User""",user,
installedappsVending,get_installedappsVending,"""First Download""",first_download,datetime
installedappsVending,get_installedappsVending,"""Package Name""",package_name,
installedappsVending,get_installedappsVending,"""Title""",title,
installedappsVending,get_installedappsVending,"""Install Reason""",install_reason,
installedappsVending,get_installedappsVending,"""Last Updated""",last_updated,datetime
installedappsVending,get_installedappsVending,"""Auto Update?""",auto_update,
installedappsVending,get_installedappsVending,"""Account""",account,
kijijiConversations,get_kijijiConversations,"""Date Sent""",date_sent,
kijijiConversations,get_kijijiConversations,"""Conversation ID""",conversation_id,
kijijiConversations,get_kijijiConversations,"""Ad ID""",ad_id,
kijijiConversations,get_kijijiConversations,"""Ad Title""",ad_title,
kijijiConversations,get_kijijiConversations,"""Message ID""",message_id,
kijijiConversations,get_kijijiConversations,"""Sender ID""",sender_id,
kijijiConversations,get_kijijiConversations,"""Sender Name""",sender_name,
kijijiConversations,get_kijijiConversations,"""Recipient ID""",recipient_id,
kijijiConversations,get_kijijiConversations,"""Recipient Name""",recipient_name,
kijijiConversations,get_kijijiConversations,"""State""",state,
kijijiConversations,get_kijijiConversations,"""Message""",message,
clipBoard,clipboard,"""Modified Time""",modified_time,datetime
clipBoard,clipboard,"""Data""",data,
clipBoard,clipboard,"""Media""",media,media
clipBoard,clipboard,"""Path""",path,
last_boot_time,last_boot_time,"""Timestamp""",timestamp,datetime
last_boot_time,last_boot_time,"""File Name""",file_name,
ChessComAccount,get_ChessComAccount,"""Key""",key,
ChessComAccount,get_ChessComAccount,"""Value""",value,
BadooConnections,get_badoo_conn,"""ID""",id,
BadooConnections,get_badoo_conn,"""Name""",name,
BadooConnections,get_badoo_conn,"""Gender""",gender,
BadooConnections,get_badoo_conn,"""Origin""",origin,
BadooConnections,get_badoo_conn,"""Sort Timestamp""",sort_timestamp,datetime
BadooConnections,get_badoo_conn,"""Avatar URL""",avatar_url,
BadooConnections,get_badoo_conn,"""Display Message""",display_message,
skype,get_skype_call_logs,"""Start Time""",start_time,datetime
skype,get_skype_call_logs,"""End Time (computed)""",end_time_computed,datetime
skype,get_skype_call_logs,"""From ID""",from_id,
skype,get_skype_call_logs,"""To ID""",to_id,
skype,get_skype_call_logs,"""Call Direction""",call_direction,
skype,get_skype_messages,"""Send Time""",send_time,datetime
skype,get_skype_messages,"""Thread ID""",thread_id,
skype,get_skype_messages,"""Content""",content,
skype,get_skype_messages,"""Direction""",direction,
skype,get_skype_messages,"""From ID""",from_id,
skype,get_skype_messages,"""To ID""",to_id,
skype,get_skype_messages,"""Attachment""",attachment,
skype,get_skype_contacts,"""Entry ID""",entry_id,
skype,get_skype_contacts,"""Name""",name,
chatgpt2,get_chatpgt2,"""Modified Time""",modified_time,datetime
chatgpt2,get_chatpgt2,"""Creation Time""",creation_time,datetime
chatgpt2,get_chatpgt2,"""Conversation Title""",conversation_title,
chatgpt2,get_chatpgt2,"""Content""",content,
chatgpt2,get_chatpgt2,"""Content References""",content_references,
chatgpt2,get_chatpgt2,"""Message ID""",message_id,
chatgpt2,get_chatpgt2,"""Conversation ID""",conversation_id,
bluetoothConnections,get_bluetoothConnections,"""First Connected Timestamp""",first_connected_timestamp,datetime
bluetoothConnections,get_bluetoothConnections,"""Device Name""",device_name,
bluetoothConnections,get_bluetoothConnections,"""MAC Address""",mac_address,
bluetoothConnections,get_bluetoothConnections,"""Link Key""",link_key,
bluetoothConnections,get_bluetoothAdapter,"""Key""",key,
bluetoothConnections,get_bluetoothAdapter,"""Value""",value,
samsungSmartThings,get_samsungSmartThings,"""Connection Timestamp""",connection_timestamp,datetime
samsungSmartThings,get_samsungSmartThings,"""Device Name""",device_name,
samsungSmartThings,get_samsungSmartThings,"""Device Type""",device_type,
samsungSmartThings,get_samsungSmartThings,"""Net Type""",net_type,
samsungSmartThings,get_samsungSmartThings,"""Wifi P2P MAC""",wifi_p2p_mac,
samsungSmartThings,get_samsungSmartThings,"""Bluetooth MAC""",bluetooth_mac,
samsungSmartThings,get_samsungSmartThings,"""Bluetooth (LE) MAC""",bluetooth_le_mac,
FCMQueuedMessagesTumblr,get_fcm_tumblr,"""Timestamp""",timestamp,datetime
FCMQueuedMessagesTumblr,get_fcm_tumblr,"""FCM Key""",fcm_key,
FCMQueuedMessagesTumblr,get_fcm_tumblr,"""Title""",title,
FCMQueuedMessagesTumblr,get_fcm_tumblr,"""Body""",body,
FCMQueuedMessagesTumblr,get_fcm_tumblr,"""Notification""",notification,
FCMQueuedMessagesTumblr,get_fcm_tumblr,"""Recipient""",recipient,
FCMQueuedMessagesTumblr,get_fcm_tumblr,"""Uuid""",uuid,
FCMQueuedMessagesTumblr,get_fcm_tumblr,"""Unread Count""",unread_count,
FCMQueuedMessagesTumblr,get_fcm_tumblr_flagged,"""Timestamp""",timestamp,datetime
FCMQueuedMessagesTumblr,get_fcm_tumblr_flagged,"""FCM Key""",fcm_key,
FCMQueuedMessagesTumblr,get_fcm_tumblr_flagged,"""Blog Name""",blog_name,
FCMQueuedMessagesTumblr,get_fcm_tumblr_flagged,"""Post ID""",post_id,
FCMQueuedMessagesTumblr,get_fcm_tumblr_flagged,"""Type""",type,
FCMQueuedMessagesTumblr,get_fcm_tumblr_notifications,"""Timestamp""",timestamp,datetime
FCMQueuedMessagesTumblr,get_fcm_tumblr_notifications,"""FCM Key""",fcm_key,
FCMQueuedMessagesTumblr,get_fcm_tumblr_notifications,"""Notification""",notification,
FCMQueuedMessagesTumblr,get_fcm_tumblr_logs,"""Timestamp""",timestamp,datetime
FCMQueuedMessagesTumblr,get_fcm_tumblr_logs,"""FCM Key""",fcm_key,
FCMQueuedMessagesTumblr,get_fcm_tumblr_logs,"""Push ID""",push_id,
FCMQueuedMessagesTumblr,get_fcm_tumblr_logs,"""Push Type""",push_type,
tusky,get_tusky,"""Timestamp""",timestamp,datetime
tusky,get_tusky,"""User Name""",user_name,
tusky,get_tusky,"""Display Name""",display_name,
tusky,get_tusky,"""URL""",url,
tusky,get_tusky,"""Text Content""",text_content,
tusky,get_tusky,"""Attachments""",attachments,
tusky,get_tusky,"""Boost Count""",boost_count,
tusky,get_tusky,"""Favorite Count""",favorite_count,
tusky,get_tusky,"""Replies Count""",replies_count,
tusky,get_tusky,"""User Boosted?""",user_boosted,
tusky,get_tusky,"""User Bookmarked?""",user_bookmarked,
tusky,get_tusky,"""User Favorited?""",user_favorited,
tusky,get_tusky,"""Sensitive""",sensitive,
tusky,get_tusky,"""Visibility""",visibility,
tusky,get_tusky,"""Application""",application,
tusky,get_tusky_accounts,"""Account ID""",account_id,
tusky,get_tusky_accounts,"""Display Name""",display_name,
tusky,get_tusky_accounts,"""User Name""",user_name,
tusky,get_tusky_accounts,"""Instance""",instance,
tusky,get_tusky_accounts,"""Avatar URL""",avatar_url,
tusky,get_tusky_accounts,"""Notifications Enabled""",notifications_enabled,
tusky,get_tusky_accounts,"""Mentioned Notifications""",mentioned_notifications,
tusky,get_tusky_accounts,"""Followed Notifications""",followed_notifications,
tusky,get_tusky_accounts,"""Follow Requested Notifications""",follow_requested_notifications,
tusky,get_tusky_accounts,"""Boost Notifications""",boost_notifications,
tusky,get_tusky_accounts,"""Favorited Notifications""",favorited_notifications,
tusky,get_tusky_accounts,"""Polls Notifications""",polls_notifications,
tusky,get_tusky_accounts,"""Tab Preferences""",tab_preferences,
tusky,get_tusky_accounts,"""Access Token""",access_token,
tusky,get_tusky_accounts,"""Client ID""",client_id,
tusky,get_tusky_accounts,"""Client Secret""",client_secret,
samsungBadgeProvider,samsungBadgeApps,"""Package""",package,
samsungBadgeProvider,samsungBadgeApps,"""Class""",class,
samsungBadgeProvider,samsungBadgeApps,"""Badge Count""",badge_count,
samsungBadgeProvider,samsungBadgeApps,"""Hidden""",hidden,
samsungBadgeProvider,samsungBadgeApps,"""Extra Data""",extra_data,
samsungLauncher,samsungLauncherItems,"""Title""",title,
samsungLauncher,samsungLauncherItems,"""Component""",component,
samsungLauncher,samsungLauncherItems,"""Type""",type,
samsungLauncher,samsungLauncherItems,"""Item Position""",item_position,
samsungLauncher,samsungLauncherItems,"""Position X""",position_x,
samsungLauncher,samsungLauncherItems,"""Position Y""",position_y,
samsungLauncher,samsungLauncherItems,"""Rank""",rank,
samsungLauncher,samsungLauncherItems,"""Container Type""",container_type,
samsungLauncher,samsungLauncherItems,"""Container ID""",container_id,
samsungLauncher,samsungLauncherItems,"""Hidden""",hidden,
samsungLauncher,samsungLauncherItems,"""Profile ID""",profile_id,
samsungLauncher,samsungLauncherItems,"""Restored""",restored,
samsungLauncher,samsungLauncherItems,"""Reference Package""",reference_package,
samsungLauncher,samsungLauncherIcons,"""Last Updated""",last_updated,datetime
samsungLauncher,samsungLauncherIcons,"""Label""",label,
samsungLauncher,samsungLauncherIcons,"""Component Name""",component_name,
samsungLauncher,samsungLauncherIcons,"""Profile ID""",profile_id,
samsungLauncher,samsungLauncherIcons,"""Version""",version,
HideX,get_HideX,"""ID""",id,
HideX,get_HideX,"""Package Name""",package_name,
HideX,get_HideX,"""Is Active""",is_active,
firefoxDownloads,get_firefoxDownloads,"""Created Timestamp""",created_timestamp,datetime
firefoxDownloads,get_firefoxDownloads,"""File Name""",file_name,
firefoxDownloads,get_firefoxDownloads,"""URL""",url,
firefoxDownloads,get_firefoxDownloads,"""MIME Type""",mime_type,
firefoxDownloads,get_firefoxDownloads,"""File Size (Bytes)""",file_size_bytes,
firefoxDownloads,get_firefoxDownloads,"""Status""",status,
firefoxDownloads,get_firefoxDownloads,"""Destination Directory""",destination_directory,
L360places,Life360_Places,"""Place ID""",place_id,
L360places,Life360_Places,"""Circle ID""",circle_id,
L360places,Life360_Places,"""Name""",name,
L360places,Life360_Places,"""Latitude""",latitude,
L360places,Life360_Places,"""Longitude""",longitude,
L360places,Life360_Places,"""Radius""",radius,
L360places,Life360_Places,"""Source""",source,
L360places,Life360_Places,"""Source ID""",source_id,
L360places,Life360_Places,"""Owner ID""",owner_id,
L360places,Life360_Places,"""Has Alerts""",has_alerts,
L360places,Life360_Places,"""Website""",website,
L360places,Life360_Places,"""Types""",types,
L360places,Life360_Places,"""Category""",category,
L360places,Life360_PlaceAlerts,"""Place ID""",place_id,
L360places,Life360_PlaceAlerts,"""Circle ID""",circle_id,
L360places,Life360_PlaceAlerts,"""Member ID""",member_id,
L360places,Life360_PlaceAlerts,"""Place Name""",place_name,
L360places,Life360_PlaceAlerts,"""Arrive Alert""",arrive_alert,
L360places,Life360_PlaceAlerts,"""Leave Alert""",leave_alert,
L360places,Life360_PlaceAlerts,"""Latitude""",latitude,
L360places,Life360_PlaceAlerts,"""Longitude""",longitude,
usagestats,get_usagestats,"""User (UID)""",user_uid,
usagestats,get_usagestats,"""Timestamp / Last Time Active""",timestamp_last_time_active,datetime
usagestats,get_usagestats,"""Usage Type""",usage_type,
usagestats,get_usagestats,"""Time Active (ms)""",time_active_ms,
usagestats,get_usagestats,"""Time Active (sec)""",time_active_sec,
usagestats,get_usagestats,"""Last Time Service Used""",last_time_service_used,datetime
usagestats,get_usagestats,"""Total Time Service Used (ms)""",total_time_service_used_ms,
usagestats,get_usagestats,"""Last Time Visible""",last_time_visible,datetime
usagestats,get_usagestats,"""Total Time Visible (ms)""",total_time_visible_ms,
usagestats,get_usagestats,"""Last Time Component Used""",last_time_component_used,datetime
usagestats,get_usagestats,"""App Launch Count""",app_launch_count,
usagestats,get_usagestats,"""Package""",package,
usagestats,get_usagestats,"""Event Type""",event_type,
usagestats,get_usagestats,"""Class""",class,
usagestats,get_usagestats,"""Event Flags (as stored)""",event_flags_as_stored,
usagestats,get_usagestats,"""Shortcut ID""",shortcut_id,
usagestats,get_usagestats,"""Standby Bucket (high 16 bits)""",standby_bucket_high_16_bits,
usagestats,get_usagestats,"""Standby Reason (low 16 bits)""",standby_reason_low_16_bits,
usagestats,get_usagestats,"""Notification Channel""",notification_channel,
usagestats,get_usagestats,"""Instance ID""",instance_id,
usagestats,get_usagestats,"""Task Root Package""",task_root_package,
usagestats,get_usagestats,"""Task Root Class""",task_root_class,
usagestats,get_usagestats,"""Locus ID""",locus_id,
usagestats,get_usagestats,"""Interaction Category""",interaction_category,
usagestats,get_usagestats,"""Interaction Action""",interaction_action,
usagestats,get_usagestats,"""Interval""",interval,
cashApp,get_cashApp,"""Transaction Date""",transaction_date,datetime
cashApp,get_cashApp,"""User Account Role""",user_account_role,
cashApp,get_cashApp,"""Sender Display Name""",sender_display_name,
cashApp,get_cashApp,"""Sender Unique ID""",sender_unique_id,
cashApp,get_cashApp,"""Sender Cashtag""",sender_cashtag,
cashApp,get_cashApp,"""Recipient Display Name""",recipient_display_name,
cashApp,get_cashApp,"""Recipient Unique ID""",recipient_unique_id,
cashApp,get_cashApp,"""Recipient Cashtag""",recipient_cashtag,
cashApp,get_cashApp,"""Transaction Amount""",transaction_amount,
cashApp,get_cashApp,"""Transaction Status""",transaction_status,
cashApp,get_cashApp,"""Note""",note,
MMWUsers,get_map_users,"""ID""",id,
MMWUsers,get_map_users,"""Username""",username,
MMWUsers,get_map_users,"""Email""",email,
MMWUsers,get_map_users,"""Name""",name,
MMWUsers,get_map_users,"""Birthdate""",birthdate,
MMWUsers,get_map_users,"""Gender""",gender,
MMWUsers,get_map_users,"""Height""",height,
MMWUsers,get_map_users,"""Weight""",weight,
MMWUsers,get_map_users,"""Timezone""",timezone,
MMWUsers,get_map_users,"""Date Joined""",date_joined,datetime
MMWUsers,get_map_users,"""Last Login""",last_login,datetime
MMWUsers,get_map_users,"""Location Country""",location_country,
MMWUsers,get_map_users,"""Profile Image URL""",profile_image_url,
offlinePages,get_offlinePages,"""Timestamp""",timestamp,datetime
offlinePages,get_offlinePages,"""File""",file,media
offlinePages,get_offlinePages,"""Web Source""",web_source,
offlinePages,get_offlinePages,"""Subject""",subject,
offlinePages,get_offlinePages,"""MIME Date""",mime_date,
offlinePages,get_offlinePages,"""Source in Extraction""",source_in_extraction,
L360petprofile,Life360_PetProfile,"""Created Timestamp""",created_timestamp,datetime
L360petprofile,Life360_PetProfile,"""Updated Timestamp""",updated_timestamp,datetime
L360petprofile,Life360_PetProfile,"""Type""",type,
L360petprofile,Life360_PetProfile,"""Pet Type""",pet_type,
L360petprofile,Life360_PetProfile,"""Breed""",breed,
L360petprofile,Life360_PetProfile,"""Color""",color,
L360petprofile,Life360_PetProfile,"""Weight kg""",weight_kg,
L360petprofile,Life360_PetProfile,"""Gender""",gender,
L360petprofile,Life360_PetProfile,"""Birthdate""",birthdate,datetime
L360petprofile,Life360_PetProfile,"""Name""",name,
L360petprofile,Life360_PetProfile,"""Tracker ID""",tracker_id,
L360petprofile,Life360_PetProfile,"""Circle ID""",circle_id,
L360petprofile,Life360_PetProfile,"""Avatar""",avatar,
googleCast,googleCast,"""Last Published Timestamp""",last_published_timestamp,datetime
googleCast,googleCast,"""Device ID (SSDP UDN)""",device_id_ssdp_udn,
googleCast,googleCast,"""Capabilities""",capabilities,
googleCast,googleCast,"""Device Version""",device_version,
googleCast,googleCast,"""Device Friendly Name""",device_friendly_name,
googleCast,googleCast,"""Device Model Name""",device_model_name,
googleCast,googleCast,"""Receiver Metrics ID""",receiver_metrics_id,
googleCast,googleCast,"""Service Instance Name""",service_instance_name,
googleCast,googleCast,"""Device IP Address""",device_ip_address,
googleCast,googleCast,"""Device Port""",device_port,
googleCast,googleCast,"""Supported Criteria""",supported_criteria,
googleCast,googleCast,"""RCN Enabled Status""",rcn_enabled_status,
googleCast,googleCast,"""Hotspot BSSID""",hotspot_bssid,
googleCast,googleCast,"""Cloud Device ID""",cloud_device_id,
googleCast,googleCast,"""Last Discovered Timestamp""",last_discovered_timestamp,datetime
googleCast,googleCast,"""Last Discovered By BLE Timestamp""",last_discovered_by_ble_timestamp,datetime
googleCast,googleCast,"""Source File""",source_file,
smyfilesOpHistory,get_smyfiles_OpHistory,"""Account""",account,
smyfilesOpHistory,get_smyfiles_OpHistory,"""Item Path""",item_path,
smyfilesOpHistory,get_smyfiles_OpHistory,"""Operation Date (timezone unverified)""",operation_date_timezone_unverified,
smyfilesOpHistory,get_smyfiles_OpHistory,"""Operation Type""",operation_type,
smyfilesOpHistory,get_smyfiles_OpHistory,"""Item Count""",item_count,
smyfilesOpHistory,get_smyfiles_OpHistory,"""Folder Count""",folder_count,
smyfilesOpHistory,get_smyfiles_OpHistory,"""Page Type""",page_type,
NQ_Vault,get_NQVault,"""Encrypted PIN""",encrypted_pin,
NQ_Vault,get_NQVault,"""Decrypted PIN""",decrypted_pin,
NQ_Vault,get_NQVault_media,"""Media""",media,media
NQ_Vault,get_NQVault_media,"""Original Filename""",original_filename,
NQ_Vault,get_NQVault_media,"""Original Filepath""",original_filepath,
NQ_Vault,get_NQVault_media,"""Encrypted Filename""",encrypted_filename,
NQ_Vault,get_NQVault_media,"""Full Path""",full_path,
NQ_Vault,get_NQVault_media,"""Timestamp""",timestamp,datetime
NQ_Vault,get_NQVault_media,"""Video Length""",video_length,
NQ_Vault,get_NQVault_media,"""File Resolution""",file_resolution,
NQ_Vault,get_NQVault_media,"""Album Name""",album_name,
NQ_Vault,get_NQVault_media,"""Previous Album Name""",previous_album_name,
NQ_Vault,get_NQVault_media,"""Password""",password,
NQ_Vault,get_NQVault_media,"""Password Hash""",password_hash,
vaulty_files,get_vaulty_files,"""ID""",id,
vaulty_files,get_vaulty_files,"""Date Created""",date_created,datetime
vaulty_files,get_vaulty_files,"""Date Added""",date_added,datetime
vaulty_files,get_vaulty_files,"""Original Path""",original_path,
vaulty_files,get_vaulty_files,"""Vault Path""",vault_path,
wellbeingaccount,get_wellbeingaccount,"""Protobuf Parsed Data""",protobuf_parsed_data,
wellbeingaccount,get_wellbeingaccount,"""Protobuf Data""",protobuf_data,
DocList,get_DocList,"""Created Date""",created_date,datetime
DocList,get_DocList,"""File Name""",file_name,
DocList,get_DocList,"""Owner""",owner,
DocList,get_DocList,"""Modified Date""",modified_date,datetime
DocList,get_DocList,"""Opened Date""",opened_date,datetime
DocList,get_DocList,"""Last Modifier Account Alias""",last_modifier_account_alias,
DocList,get_DocList,"""Last Modifier Account Name""",last_modifier_account_name,
DocList,get_DocList,"""File Type""",file_type,
DocList,get_DocList,"""Shareable URI""",shareable_uri,
DocList,get_DocList,"""HTML URI""",html_uri,
DocList,get_DocList,"""MD5 Checksum""",md5_checksum,
DocList,get_DocList,"""Size""",size,
honorMediaLibrary,honorMediaLibrary,"""Added Timestamp""",added_timestamp,datetime
honorMediaLibrary,honorMediaLibrary,"""Modified Timestamp""",modified_timestamp,datetime
honorMediaLibrary,honorMediaLibrary,"""Taken Timestamp""",taken_timestamp,datetime
honorMediaLibrary,honorMediaLibrary,"""Path""",path,
honorMediaLibrary,honorMediaLibrary,"""Title""",title,
honorMediaLibrary,honorMediaLibrary,"""Display Name""",display_name,
honorMediaLibrary,honorMediaLibrary,"""File Size""",file_size,bytes
honorMediaLibrary,honorMediaLibrary,"""Latitude""",latitude,
honorMediaLibrary,honorMediaLibrary,"""Longitude""",longitude,
honorMediaLibrary,honorMediaLibrary,"""Time Zone""",time_zone,
honorMediaLibrary,honorMediaLibrary,"""Bucket Display Name""",bucket_display_name,
honorMediaLibrary,honorMediaLibrary,"""Duration""",duration,
honorMediaLibrary,honorMediaLibrary,"""Resolution""",resolution,
honorMediaLibrary,honorMediaLibrary,"""Hash (as stored)""",hash_as_stored,
honorMediaLibrary,honorMediaLibrary,"""Recycled?""",recycled,
honorMediaLibrary,honorMediaLibrary,"""Recycled Timestamp""",recycled_timestamp,datetime
honorMediaLibrary,honorMediaLibrary,"""Source File Path""",source_file_path,
honorMediaLibrary,honorMediaLibrary,"""Source File Name""",source_file_name,
DuckDuckGo,duckduckgo_bookmarks,"""Entity ID""",entity_id,
DuckDuckGo,duckduckgo_bookmarks,"""Deleted""",deleted,
DuckDuckGo,duckduckgo_bookmarks,"""Folder Path""",folder_path,
DuckDuckGo,duckduckgo_bookmarks,"""Title""",title,
DuckDuckGo,duckduckgo_bookmarks,"""URL""",url,
DuckDuckGo,duckduckgo_bookmarks,"""Last Modified""",last_modified,datetime
DuckDuckGo,duckduckgo_favorites,"""Entity ID""",entity_id,
DuckDuckGo,duckduckgo_favorites,"""Title""",title,
DuckDuckGo,duckduckgo_favorites,"""URL""",url,
DuckDuckGo,duckduckgo_history,"""Visit ID""",visit_id,
DuckDuckGo,duckduckgo_history,"""URL""",url,
DuckDuckGo,duckduckgo_history,"""Title""",title,
DuckDuckGo,duckduckgo_history,"""Visit Date""",visit_date,datetime
DuckDuckGo,duckduckgo_history,"""History Type""",history_type,
DuckDuckGo,duckduckgo_history,"""Search Query""",search_query,
DuckDuckGo,duckduckgo_opentabs,"""Tab ID""",tab_id,
DuckDuckGo,duckduckgo_opentabs,"""Current Tab""",current_tab,
DuckDuckGo,duckduckgo_opentabs,"""Title""",title,
DuckDuckGo,duckduckgo_opentabs,"""URL""",url,
DuckDuckGo,duckduckgo_opentabs,"""Tab Last Accessed""",tab_last_accessed,datetime
DuckDuckGo,duckduckgo_opentabs,"""Cached Tab Filename""",cached_tab_filename,
DuckDuckGo,duckduckgo_opentabs,"""Cached Tab Preview Time (UTC)""",cached_tab_preview_time_utc,datetime
DuckDuckGo,duckduckgo_opentabs,"""Cached Tab Preview""",cached_tab_preview,media
DuckDuckGo,duckduckgo_fireproof,"""Fireproof Site""",fireproof_site,
DuckDuckGo,duckduckgo_downloads,"""Download ID""",download_id,
DuckDuckGo,duckduckgo_downloads,"""Download Status""",download_status,
DuckDuckGo,duckduckgo_downloads,"""File Name""",file_name,
DuckDuckGo,duckduckgo_downloads,"""Size (Bytes)""",size_bytes,
DuckDuckGo,duckduckgo_downloads,"""Download Path""",download_path,
DuckDuckGo,duckduckgo_downloads,"""Download Date""",download_date,datetime
DuckDuckGo,duckduckgo_thumbnails,"""Referenced In Tabs Table""",referenced_in_tabs_table,
DuckDuckGo,duckduckgo_thumbnails,"""Timestamp (UTC)""",timestamp_utc,datetime
DuckDuckGo,duckduckgo_thumbnails,"""Thumbnail""",thumbnail,media
DuckDuckGo,duckduckgo_thumbnails,"""File Name""",file_name,
DuckDuckGo,duckduckgo_thumbnails,"""Location""",location,
DuckDuckGo,duckduckgo_duckai,"""Chat ID""",chat_id,
DuckDuckGo,duckduckgo_duckai,"""Title""",title,
DuckDuckGo,duckduckgo_duckai,"""Model""",model,
DuckDuckGo,duckduckgo_duckai,"""Message Role""",message_role,
DuckDuckGo,duckduckgo_duckai,"""Message Time""",message_time,datetime
DuckDuckGo,duckduckgo_duckai,"""Message Content""",message_content,
DuckDuckGo,duckduckgo_duckai,"""Origin File""",origin_file,
DuckDuckGo,duckduckgo_duckai,"""Sequence Number""",sequence_number,
DuckDuckGo,duckduckgo_cookies,"""Last Accessed""",last_accessed,datetime
DuckDuckGo,duckduckgo_cookies,"""Host""",host,
DuckDuckGo,duckduckgo_cookies,"""Name""",name,
DuckDuckGo,duckduckgo_cookies,"""Value""",value,
DuckDuckGo,duckduckgo_cookies,"""Creation Time""",creation_time,datetime
DuckDuckGo,duckduckgo_cookies,"""Expiry""",expiry,datetime
DuckDuckGo,duckduckgo_cookies,"""Path""",path,
installedappsLibrary,get_installedappsLibrary,"""User""",user,
installedappsLibrary,get_installedappsLibrary,"""Purchase Time""",purchase_time,datetime
installedappsLibrary,get_installedappsLibrary,"""Account""",account,
installedappsLibrary,get_installedappsLibrary,"""Doc ID""",doc_id,
GarminSync,get_garmin_sync,"""Device Info""",device_info,
GarminSync,get_garmin_sync,"""Audit Text""",audit_text,
GarminSync,get_garmin_sync,"""App Version""",app_version,
GarminSync,get_garmin_sync,"""Created Timestamp""",created_timestamp,datetime
knuddels,knuddels_chats,"""Timestamp""",timestamp,datetime
knuddels,knuddels_chats,"""User Name""",user_name,
knuddels,knuddels_chats,"""Message""",message,
knuddels,knuddels_chats,"""Message Type""",message_type,
knuddels,knuddels_chats,"""Media""",media,media
knuddels,knuddels_chats,"""GIF URL(s) (reconstructed by parser)""",gif_urls_reconstructed_by_parser,
knuddels,knuddels_chats,"""Snap Expired""",snap_expired,
knuddels,knuddels_chats,"""Participants""",participants,
knuddels,knuddels_chats,"""Conversation Key""",conversation_key,
knuddels,knuddels_chats,"""From Me""",from_me,
knuddels,knuddels_chats,"""Source File""",source_file,
knuddels,knuddels_chats,"""Message ID""",message_id,
knuddels,knuddels_chats,"""Thread Table UID""",thread_table_uid,
knuddels,knuddels_chats,"""Users Table UID""",users_table_uid,
knuddels,knuddels_contacts,"""Nickname""",nickname,
knuddels,knuddels_contacts,"""User ID (uid)""",user_id_uid,
knuddels,knuddels_contacts,"""Internal ID""",internal_id,
knuddels,knuddels_contacts,"""Age""",age,
knuddels,knuddels_contacts,"""Sex""",sex,
knuddels,knuddels_contacts,"""Profile Image Version""",profile_image_version,
knuddels,knuddels_contacts,"""Friendlist Type""",friendlist_type,
knuddels,knuddels_contacts,"""Online Status""",online_status,
knuddels,knuddels_contacts,"""Last Active Time""",last_active_time,datetime
knuddels,knuddels_contacts,"""Profile Image Hidden""",profile_image_hidden,
knuddels,knuddels_contacts,"""Distance""",distance,
knuddels,knuddels_contacts,"""Source File""",source_file,
knuddels,knuddels_account,"""Nickname""",nickname,
knuddels,knuddels_account,"""Active Account""",active_account,
knuddels,knuddels_account,"""Alias Nicks""",alias_nicks,
knuddels,knuddels_account,"""Age""",age,
knuddels,knuddels_account,"""Gender""",gender,
knuddels,knuddels_account,"""UUID""",uuid,
knuddels,knuddels_account,"""Auto Login""",auto_login,
knuddels,knuddels_account,"""Is Logged In""",is_logged_in,
knuddels,knuddels_account,"""passwordU (as stored)""",passwordu_as_stored,
knuddels,knuddels_account,"""passwordU (ROT13-decoded, unverified)""",passwordu_rot13decoded_unverified,
knuddels,knuddels_account,"""First Installed""",first_installed,datetime
knuddels,knuddels_account,"""session_timestamp""",session_timestamp,datetime
knuddels,knuddels_account,"""sites_visited_weekly_time""",sites_visited_weekly_time,datetime
knuddels,knuddels_account,"""origins_visited_date""",origins_visited_date,
knuddels,knuddels_account,"""Last Message""",last_message,datetime
knuddels,knuddels_account,"""Source File""",source_file,
textnow,get_textnow_call_logs,"""Start Time""",start_time,datetime
textnow,get_textnow_call_logs,"""End Time (computed from message_text)""",end_time_computed_from_message_text,datetime
textnow,get_textnow_call_logs,"""From ID""",from_id,phonenumber
textnow,get_textnow_call_logs,"""To ID""",to_id,phonenumber
textnow,get_textnow_call_logs,"""Call Direction""",call_direction,
textnow,get_textnow_messages,"""Send Timestamp""",send_timestamp,datetime
textnow,get_textnow_messages,"""Thread ID""",thread_id,
textnow,get_textnow_messages,"""From ID""",from_id,
textnow,get_textnow_messages,"""To ID""",to_id,
textnow,get_textnow_messages,"""Direction""",direction,
textnow,get_textnow_messages,"""Message""",message,
textnow,get_textnow_messages,"""Read""",read,
textnow,get_textnow_messages,"""Attachment""",attachment,
textnow,get_textnow_contacts,"""number""",number,phonenumber
textnow,get_textnow_contacts,"""name""",name,
GarminSleepAPI,get_sleep_api,"""Date""",date,
GarminSleepAPI,get_sleep_api,"""Sleep Time""",sleep_time,
GarminSleepAPI,get_sleep_api,"""Start Time""",start_time,
GarminSleepAPI,get_sleep_api,"""End Time""",end_time,
GarminSleepAPI,get_sleep_api,"""Deep Sleep""",deep_sleep,
GarminSleepAPI,get_sleep_api,"""Light Sleep""",light_sleep,
GarminSleepAPI,get_sleep_api,"""REM Sleep""",rem_sleep,
GarminSleepAPI,get_sleep_api,"""Awake Sleep""",awake_sleep,
GarminSleepAPI,get_sleep_api,"""Average SPo2""",average_spo2,
GarminSleepAPI,get_sleep_api,"""Lowest SPo2""",lowest_spo2,
GarminSleepAPI,get_sleep_api,"""Highest SPo2""",highest_spo2,
googleLastTrip,get_googleLastTrip,"""Timestamp""",timestamp,datetime
googleLastTrip,get_googleLastTrip,"""Directionality""",directionality,
googleLastTrip,get_googleLastTrip,"""Place""",place,
googleLastTrip,get_googleLastTrip,"""Latitude""",latitude,
googleLastTrip,get_googleLastTrip,"""Longitude""",longitude,
googleLastTrip,get_googleLastTrip,"""Data""",data,
NikeAMoments,get_nike_activMoments,"""Activity ID""",activity_id,
NikeAMoments,get_nike_activMoments,"""Timestamp""",timestamp,datetime
NikeAMoments,get_nike_activMoments,"""Moment Type""",moment_type,
NikeAMoments,get_nike_activMoments,"""Value""",value,
NikeAMoments,get_nike_activMoments,"""Description""",description,
rarlabPreferences,get_rarlabPreferences,"""Key""",key,
rarlabPreferences,get_rarlabPreferences,"""Text""",text,
rarlabPreferences,get_rarlabPreferences,"""Value""",value,
powerOffReset,powerOffReset,"""Timestamp (Local)""",timestamp_local,datetime
powerOffReset,powerOffReset,"""Timezone Offset""",timezone_offset,
powerOffReset,powerOffReset,"""Action""",action,
powerOffReset,powerOffReset,"""Reason""",reason,
powerOffReset,powerOffReset,"""Source File""",source_file,
setupWizardinfo,get_setupWizardinfo,"""Timestamp""",timestamp,datetime
setupWizardinfo,get_setupWizardinfo,"""Name""",name,
googleQuickSearchbox,get_quicksearch,"""File Timestamp""",file_timestamp,datetime
googleQuickSearchbox,get_quicksearch,"""Type""",type,
googleQuickSearchbox,get_quicksearch,"""Queries""",queries,
googleQuickSearchbox,get_quicksearch,"""Response""",response,media
googleQuickSearchbox,get_quicksearch,"""Source File""",source_file,
GarminPolyAPI,get_poly_api,"""Activity ID""",activity_id,
GarminPolyAPI,get_poly_api,"""Start Time""",start_time,datetime
GarminPolyAPI,get_poly_api,"""End Time""",end_time,datetime
GarminPolyAPI,get_poly_api,"""Latitude""",latitude,
GarminPolyAPI,get_poly_api,"""Longitude""",longitude,
GarminPolyAPI,get_poly_api,"""End Latitude""",end_latitude,
GarminPolyAPI,get_poly_api,"""End Longitude""",end_longitude,
GarminPolyAPI,get_poly_api,"""Route Map""",route_map,media
GarminPolyAPI,get_poly_api,"""Route KML""",route_kml,media
L360memberscircles,Life360_MemberCircles,"""Created Timestamp""",created_timestamp,datetime
L360memberscircles,Life360_MemberCircles,"""Updated Timestamp""",updated_timestamp,datetime
L360memberscircles,Life360_MemberCircles,"""Member ID""",member_id,
L360memberscircles,Life360_MemberCircles,"""First Name""",first_name,
L360memberscircles,Life360_MemberCircles,"""Last Name""",last_name,
L360memberscircles,Life360_MemberCircles,"""Email""",email,
L360memberscircles,Life360_MemberCircles,"""Phone Number""",phone_number,
L360memberscircles,Life360_MemberCircles,"""Avatar""",avatar,
L360memberscircles,Life360_MemberCircles,"""Admin""",admin,
L360memberscircles,Life360_MemberCircles,"""Role""",role,
L360memberscircles,Life360_MemberCircles,"""Circle Created Timestamp""",circle_created_timestamp,datetime
L360memberscircles,Life360_MemberCircles,"""Circle Updated Timestamp""",circle_updated_timestamp,datetime
L360memberscircles,Life360_MemberCircles,"""Circle Name""",circle_name,
appicons,appIcons,"""App name""",app_name,
appicons,appIcons,"""Package name""",package_name,
appicons,appIcons,"""Main icon""",main_icon,media
appicons,appIcons,"""Icons""",icons,media
blueskyposts,get_blueskyposts,"""Collection""",collection,
blueskyposts,get_blueskyposts,"""Timestamp""",timestamp,datetime
blueskyposts,get_blueskyposts,"""Author Created At""",author_created_at,datetime
blueskyposts,get_blueskyposts,"""Type""",type,
blueskyposts,get_blueskyposts,"""Handle""",handle,
blueskyposts,get_blueskyposts,"""Display Name""",display_name,
blueskyposts,get_blueskyposts,"""Text""",text,
blueskyposts,get_blueskyposts,"""Reply Count""",reply_count,
blueskyposts,get_blueskyposts,"""Repost Count""",repost_count,
blueskyposts,get_blueskyposts,"""Like Count""",like_count,
blueskyposts,get_blueskyposts,"""Quote Count""",quote_count,
blueskyposts,get_blueskyposts,"""Avatar""",avatar,
blueskyposts,get_blueskyposts,"""DID""",did,
blueskyposts,get_blueskyposts,"""Language""",language,
blueskyposts,get_blueskyposts,"""CID""",cid,
blueskyposts,get_blueskyposts,"""URI""",uri,
smyfilesRecents,get_smyfilesRecents,"""Timestamp""",timestamp,datetime
smyfilesRecents,get_smyfilesRecents,"""Name""",name,
smyfilesRecents,get_smyfilesRecents,"""Size""",size,
smyfilesRecents,get_smyfilesRecents,"""Data""",data,
smyfilesRecents,get_smyfilesRecents,"""Ext.""",ext,
smyfilesRecents,get_smyfilesRecents,"""Source""",source,
smyfilesRecents,get_smyfilesRecents,"""Description""",description,
smyfilesRecents,get_smyfilesRecents,"""Recent Timestamp""",recent_timestamp,datetime
smyfilesRecents,get_smyfilesRecents_fileinfo,"""Recent Timestamp""",recent_timestamp,datetime
smyfilesRecents,get_smyfilesRecents_fileinfo,"""Modified Timestamp""",modified_timestamp,datetime
smyfilesRecents,get_smyfilesRecents_fileinfo,"""File ID""",file_id,
smyfilesRecents,get_smyfilesRecents_fileinfo,"""Package Name""",package_name,
smyfilesRecents,get_smyfilesRecents_fileinfo,"""Path""",path,
smyfilesRecents,get_smyfilesRecents_fileinfo,"""Size""",size,
smyfilesRecents,get_smyfilesRecents_fileinfo,"""Is Downloaded?""",is_downloaded,
smyfilesRecents,get_smyfilesRecents_fileinfo,"""Is Hidden?""",is_hidden,
smyfilesRecents,get_smyfilesRecents_fileinfo,"""Is Trashed?""",is_trashed,
blueskymessages,get_blueskymessages_actors,"""Created At""",created_at,
blueskymessages,get_blueskymessages_actors,"""DID""",did,
blueskymessages,get_blueskymessages_actors,"""Handle""",handle,
blueskymessages,get_blueskymessages_actors,"""Display Name""",display_name,
blueskymessages,get_blueskymessages_actors,"""Avatar""",avatar,
blueskymessages,get_blueskymessages_actors,"""Viewer""",viewer,
blueskymessages,get_blueskymessages_actors,"""Labels""",labels,
blueskymessages,get_blueskymessages_actors,"""Description""",description,
blueskymessages,get_blueskymessages_actors,"""Email""",email,
blueskymessages,get_blueskymessages,"""Timestamp Sent""",timestamp_sent,datetime
blueskymessages,get_blueskymessages,"""Handle""",handle,
blueskymessages,get_blueskymessages,"""Display Name""",display_name,
blueskymessages,get_blueskymessages,"""Message""",message,
blueskymessages,get_blueskymessages,"""Sender ID""",sender_id,
blueskymessages,get_blueskymessages,"""Message ID""",message_id,
smyFiles2,get_smyFiles2,"""Timestamp""",timestamp,datetime
smyFiles2,get_smyFiles2,"""Name""",name,
smyFiles2,get_smyFiles2,"""Full Path""",full_path,
smyFiles2,get_smyFiles2,"""Is Hidden""",is_hidden,
smyFiles2,get_smyFiles2,"""Trashed?""",trashed,
smyFiles2,get_smyFiles2,"""Source""",source,
smyFiles2,get_smyFiles2,"""Description""",description,
smyFiles2,get_smyFiles2_gdrive,"""Date Modified""",date_modified,datetime
smyFiles2,get_smyFiles2_gdrive,"""Thumbnail""",thumbnail,media
smyFiles2,get_smyFiles2_gdrive,"""File ID""",file_id,
smyFiles2,get_smyFiles2_gdrive,"""Data""",data,
smyFiles2,get_smyFiles2_gdrive,"""Size""",size,
smyFiles2,get_smyFiles2_gdrive,"""MIME Type""",mime_type,
smyFiles2,get_smyFiles2_gdrive,"""Trashed?""",trashed,
smyFiles2,get_smyFiles2_gdrive,"""Hidden?""",hidden,
smyFiles2,get_smyFiles2_gdrive,"""Weblink""",weblink,
bittorrentDlhist,get_bittorrentDlhist,"""Record Timestamp""",record_timestamp,datetime
bittorrentDlhist,get_bittorrentDlhist,"""Filename""",filename,
bittorrentDlhist,get_bittorrentDlhist,"""Download File Path""",download_file_path,
bittorrentDlhist,get_bittorrentDlhist,"""Source File""",source_file,
WithingsHealthMate,healthmate_accounts,"""Creation Date""",creation_date,datetime
WithingsHealthMate,healthmate_accounts,"""User ID""",user_id,
WithingsHealthMate,healthmate_accounts,"""Last Name""",last_name,
WithingsHealthMate,healthmate_accounts,"""First Name""",first_name,
WithingsHealthMate,healthmate_accounts,"""Short Name""",short_name,
WithingsHealthMate,healthmate_accounts,"""Gender""",gender,
WithingsHealthMate,healthmate_accounts,"""Pronoun""",pronoun,
WithingsHealthMate,healthmate_accounts,"""Birthdate""",birthdate,datetime
WithingsHealthMate,healthmate_accounts,"""Fat Method""",fat_method,
WithingsHealthMate,healthmate_accounts,"""E-Mail""",email,
WithingsHealthMate,healthmate_accounts,"""Modified Date""",modified_date,datetime
WithingsHealthMate,healthmate_accounts,"""Body Model""",body_model,
WithingsHealthMate,healthmate_trackings,"""Start Time""",start_time,datetime
WithingsHealthMate,healthmate_trackings,"""End Time""",end_time,datetime
WithingsHealthMate,healthmate_trackings,"""Modified Time""",modified_time,datetime
WithingsHealthMate,healthmate_trackings,"""ID""",id,
WithingsHealthMate,healthmate_trackings,"""wsId""",wsid,
WithingsHealthMate,healthmate_trackings,"""UserID""",userid,
WithingsHealthMate,healthmate_trackings,"""Device ID""",device_id,
WithingsHealthMate,healthmate_trackings,"""Device Model""",device_model,
WithingsHealthMate,healthmate_trackings,"""Activity Category ID""",activity_category_id,
WithingsHealthMate,healthmate_trackings,"""Activity Category Name""",activity_category_name,
WithingsHealthMate,healthmate_trackings,"""Tracking Data""",tracking_data,
WithingsHealthMate,healthmate_locations,"""Timestamp""",timestamp,datetime
WithingsHealthMate,healthmate_locations,"""ID""",id,
WithingsHealthMate,healthmate_locations,"""User ID""",user_id,
WithingsHealthMate,healthmate_locations,"""Speed""",speed,
WithingsHealthMate,healthmate_locations,"""Horizontal Accuracy""",horizontal_accuracy,
WithingsHealthMate,healthmate_locations,"""Altitude""",altitude,
WithingsHealthMate,healthmate_locations,"""Vertical Accuracy""",vertical_accuracy,
WithingsHealthMate,healthmate_locations,"""Latitude""",latitude,
WithingsHealthMate,healthmate_locations,"""Longitude""",longitude,
WithingsHealthMate,healthmate_messages,"""Timestamp""",timestamp,datetime
WithingsHealthMate,healthmate_messages,"""Message ID""",message_id,
WithingsHealthMate,healthmate_messages,"""Sender ID""",sender_id,
WithingsHealthMate,healthmate_messages,"""Receiver ID""",receiver_id,
WithingsHealthMate,healthmate_messages,"""Message""",message,
WithingsHealthMate,healthmate_messages,"""Type""",type,
WithingsHealthMate,healthmate_contacts,"""Modified Timestamp""",modified_timestamp,datetime
WithingsHealthMate,healthmate_contacts,"""ID""",id,
WithingsHealthMate,healthmate_contacts,"""Date""",date,
WithingsHealthMate,healthmate_contacts,"""User ID""",user_id,
WithingsHealthMate,healthmate_contacts,"""Score""",score,
WithingsHealthMate,healthmate_contacts,"""First Name""",first_name,
WithingsHealthMate,healthmate_contacts,"""Last Name""",last_name,
WithingsHealthMate,healthmate_contacts,"""Image URL""",image_url,
WithingsHealthMate,healthmate_measurements,"""Timestamp""",timestamp,datetime
WithingsHealthMate,healthmate_measurements,"""ID""",id,
WithingsHealthMate,healthmate_measurements,"""Category ID""",category_id,
WithingsHealthMate,healthmate_measurements,"""Category""",category,
WithingsHealthMate,healthmate_measurements,"""User ID""",user_id,
WithingsHealthMate,healthmate_measurements,"""Duration""",duration,
WithingsHealthMate,healthmate_measurements,"""Steps""",steps,
WithingsHealthMate,healthmate_measurements,"""Distance""",distance,
WithingsHealthMate,healthmate_measurements,"""Ascent""",ascent,
WithingsHealthMate,healthmate_measurements,"""Descent""",descent,
WithingsHealthMate,healthmate_measurements,"""Heartrate""",heartrate,
WithingsHealthMate,healthmate_measurements,"""SPO2""",spo2,
WithingsHealthMate,healthmate_measurements,"""SPO2 Quality""",spo2_quality,
WithingsHealthMate,healthmate_measurements,"""Swim Laps""",swim_laps,
WithingsHealthMate,healthmate_measurements,"""Swim Movements""",swim_movements,
WithingsHealthMate,healthmate_measurements,"""Core Temperature""",core_temperature,
WithingsHealthMate,healthmate_devices,"""Association Timestamp""",association_timestamp,datetime
WithingsHealthMate,healthmate_devices,"""Last Used Timestamp""",last_used_timestamp,datetime
WithingsHealthMate,healthmate_devices,"""Modified Timestamp""",modified_timestamp,datetime
WithingsHealthMate,healthmate_devices,"""ID""",id,
WithingsHealthMate,healthmate_devices,"""User ID""",user_id,
WithingsHealthMate,healthmate_devices,"""MAC""",mac,
WithingsHealthMate,healthmate_devices,"""Firmware""",firmware,
WithingsHealthMate,healthmate_devices,"""Latitude""",latitude,
WithingsHealthMate,healthmate_devices,"""Longitude""",longitude,
WithingsHealthMate,healthmate_devices,"""Device Type""",device_type,
WithingsHealthMate,healthmate_devices,"""Device Model""",device_model,
TorBrowser,torbrowser_thumbnails,"""ModifiedTime""",modifiedtime,datetime
TorBrowser,torbrowser_thumbnails,"""Thumbnail""",thumbnail,media
TorBrowser,torbrowser_thumbnails,"""File Name""",file_name,
TorBrowser,torbrowser_thumbnails,"""Location""",location,
TorBrowser,torbrowser_bookmarks,"""Bookmark ID""",bookmark_id,
TorBrowser,torbrowser_bookmarks,"""Parent Folder""",parent_folder,
TorBrowser,torbrowser_bookmarks,"""Title""",title,
TorBrowser,torbrowser_bookmarks,"""URL""",url,
TorBrowser,torbrowser_bookmarks,"""Description""",description,
TorBrowser,torbrowser_bookmarks,"""Date Added""",date_added,datetime
TorBrowser,torbrowser_bookmarks,"""Last Modified""",last_modified,datetime
TorBrowser,torbrowser_usageinfo,"""Key""",key,
TorBrowser,torbrowser_usageinfo,"""Value""",value,
TorBrowser,torbrowser_usageinfo,"""File Name""",file_name,
TorBrowser,torbrowser_usageinfo,"""Path""",path,
torThumbs,get_torThumbs,"""Modified Time""",modified_time,datetime
torThumbs,get_torThumbs,"""Thumbnail""",thumbnail,media
torThumbs,get_torThumbs,"""Filename""",filename,
torThumbs,get_torThumbs,"""Location""",location,
wireMessenger,get_wire_profile,"""User ID""",user_id,
wireMessenger,get_wire_profile,"""Display Name""",display_name,
wireMessenger,get_wire_profile,"""Email Address""",email_address,
wireMessenger,get_wire_profile,"""Phone Number""",phone_number,
wireMessenger,get_wire_profile,"""Verification Status""",verification_status,
wireMessenger,get_wire_profile,"""First Client Label""",first_client_label,
wireMessenger,get_wire_profile,"""Device Model""",device_model,
wireMessenger,get_wire_profile,"""Date Registered""",date_registered,datetime
wireMessenger,get_wire_profile,"""Profile Picture ID""",profile_picture_id,
wireMessenger,get_wire_profile,"""Profile Picture""",profile_picture,media
wireMessenger,get_wire_contacts,"""User ID""",user_id,
wireMessenger,get_wire_contacts,"""Display Name""",display_name,
wireMessenger,get_wire_contacts,"""Handle ID""",handle_id,
wireMessenger,get_wire_contacts,"""Connection Status""",connection_status,
wireMessenger,get_wire_contacts,"""Connection Time""",connection_time,datetime
wireMessenger,get_wire_contacts,"""Profile Picture ID""",profile_picture_id,
wireMessenger,get_wire_messages,"""Date / Time Sent""",date_time_sent,datetime
wireMessenger,get_wire_messages,"""Message ID""",message_id,
wireMessenger,get_wire_messages,"""User Name""",user_name,
wireMessenger,get_wire_messages,"""Message Type""",message_type,
wireMessenger,get_wire_messages,"""Message Content""",message_content,
wireMessenger,get_wire_messages,"""Reaction""",reaction,
wireMessenger,get_wire_messages,"""Date / Time Reacted""",date_time_reacted,datetime
wireMessenger,get_wire_messages,"""Reacted By""",reacted_by,
wireMessenger,get_wire_messages,"""Call Duration (assumes ms)""",call_duration_assumes_ms,
wireMessenger,get_wire_messages,"""Asset Name""",asset_name,
wireMessenger,get_wire_messages,"""Date / Time Deleted""",date_time_deleted,datetime
AdidasActivities,get_adidas_activities,"""Sample ID""",sample_id,
AdidasActivities,get_adidas_activities,"""User ID""",user_id,
AdidasActivities,get_adidas_activities,"""Distance""",distance,
AdidasActivities,get_adidas_activities,"""Start Time""",start_time,datetime
AdidasActivities,get_adidas_activities,"""End Time""",end_time,datetime
AdidasActivities,get_adidas_activities,"""Run Time (min)""",run_time_min,
AdidasActivities,get_adidas_activities,"""Max Speed""",max_speed,
AdidasActivities,get_adidas_activities,"""Calories""",calories,
AdidasActivities,get_adidas_activities,"""Temperature""",temperature,
AdidasActivities,get_adidas_activities,"""Note""",note,
AdidasActivities,get_adidas_activities,"""Max Pulse""",max_pulse,
AdidasActivities,get_adidas_activities,"""Avg Pulse""",avg_pulse,
AdidasActivities,get_adidas_activities,"""Max Elevation""",max_elevation,
AdidasActivities,get_adidas_activities,"""Min Elevation""",min_elevation,
AdidasActivities,get_adidas_activities,"""Humidity""",humidity,
AdidasActivities,get_adidas_activities,"""Latitude""",latitude,
AdidasActivities,get_adidas_activities,"""Longitude""",longitude,
AdidasActivities,get_adidas_activities,"""End Latitude""",end_latitude,
AdidasActivities,get_adidas_activities,"""End Longitude""",end_longitude,
AdidasActivities,get_adidas_activities,"""Route Map""",route_map,media
AdidasActivities,get_adidas_activities,"""Route KML""",route_kml,media
bittorrentClientpref,get_bittorrentClientpref,"""Key""",key,
bittorrentClientpref,get_bittorrentClientpref,"""Value""",value,
bittorrentClientpref,get_bittorrentClientpref,"""Text""",text,
firefoxTopSites,get_firefoxTopSites,"""Created Timestamp""",created_timestamp,datetime
firefoxTopSites,get_firefoxTopSites,"""Title""",title,
firefoxTopSites,get_firefoxTopSites,"""URL""",url,
firefoxTopSites,get_firefoxTopSites,"""Is Default""",is_default,
googlemaplocation,get_googlemaplocation,"""timestamp""",timestamp,datetime
googlemaplocation,get_googlemaplocation,"""destination_latitude""",destination_latitude,
googlemaplocation,get_googlemaplocation,"""destination_longitude""",destination_longitude,
googlemaplocation,get_googlemaplocation,"""destination_title""",destination_title,
googlemaplocation,get_googlemaplocation,"""destination_address""",destination_address,
googlemaplocation,get_googlemaplocation,"""source_latitude""",source_latitude,
googlemaplocation,get_googlemaplocation,"""source_longitude""",source_longitude,
GarminHRAPI,get_hr_api,"""Date""",date,
GarminHRAPI,get_hr_api,"""Max Hearth Rate""",max_hearth_rate,
GarminHRAPI,get_hr_api,"""Min Hearth Rate""",min_hearth_rate,
GarminHRAPI,get_hr_api,"""Resting Hearth Rate""",resting_hearth_rate,
GarminHRAPI,get_hr_api,"""Average Hearth Rate""",average_hearth_rate,
samsungPrivacyDashboard,samsungPrivacyDashboardAccess,"""Access Time""",access_time,datetime
samsungPrivacyDashboard,samsungPrivacyDashboardAccess,"""Package Name""",package_name,
samsungPrivacyDashboard,samsungPrivacyDashboardAccess,"""Permission Group""",permission_group,
samsungPrivacyDashboard,samsungPrivacyDashboardAccess,"""Operation Code""",operation_code,
samsungPrivacyDashboard,samsungPrivacyDashboardAccess,"""Background""",background,
samsungPrivacyDashboard,samsungPrivacyDashboardAccess,"""Proxy Name""",proxy_name,
samsungPrivacyDashboard,samsungPrivacyDashboardAccess,"""Proxy Attribution Tag""",proxy_attribution_tag,
samsungPrivacyDashboard,samsungPrivacyDashboardAccess,"""UID""",uid,
GarminUser,get_garminUP,"""Name""",name,
GarminUser,get_garminUP,"""Value""",value,
installedappsGass,get_installedappsGass,"""User""",user,
installedappsGass,get_installedappsGass,"""Bundle ID""",bundle_id,
installedappsGass,get_installedappsGass,"""Version Code""",version_code,
installedappsGass,get_installedappsGass,"""SHA-256 Hash""",sha256_hash,
zepplife,extract_zepplife_heartrate,"""Timestamp""",timestamp,datetime
zepplife,extract_zepplife_heartrate,"""Heart Rate""",heart_rate,
samsungWeatherClock,get_samsungWeatherClockInfo,"""Timestamp""",timestamp,datetime
samsungWeatherClock,get_samsungWeatherClockInfo,"""Timezone""",timezone,
samsungWeatherClock,get_samsungWeatherClockInfo,"""Is Daylight Savings""",is_daylight_savings,
samsungWeatherClock,get_samsungWeatherClockInfo,"""Current Temp""",current_temp,
samsungWeatherClock,get_samsungWeatherClockInfo,"""Weather Text""",weather_text,
samsungWeatherClock,get_samsungWeatherClockInfo,"""City""",city,
samsungWeatherClock,get_samsungWeatherClockInfo,"""State""",state,
samsungWeatherClock,get_samsungWeatherClockInfo,"""Country""",country,
samsungWeatherClock,get_samsungWeatherClockInfo,"""Update Timestamp""",update_timestamp,datetime
samsungWeatherClock,get_samsungWeatherClockInfo,"""Sunrise Timestamp""",sunrise_timestamp,datetime
samsungWeatherClock,get_samsungWeatherClockInfo,"""Sunset Timestamp""",sunset_timestamp,datetime
samsungWeatherClock,get_samsungWeatherClockInfo,"""Feels Like Temp""",feels_like_temp,
samsungWeatherClock,get_samsungWeatherClockInfo,"""High Temp""",high_temp,
samsungWeatherClock,get_samsungWeatherClockInfo,"""Low Temp""",low_temp,
samsungWeatherClock,get_samsungWeatherClockInfo,"""Weather Provider""",weather_provider,
samsungWeatherClock,get_samsungWeatherClockInfo,"""URL""",url,
samsungWeatherClock,get_samsungWeatherClockDaily,"""Timestamp""",timestamp,datetime
samsungWeatherClock,get_samsungWeatherClockDaily,"""City""",city,
samsungWeatherClock,get_samsungWeatherClockDaily,"""State""",state,
samsungWeatherClock,get_samsungWeatherClockDaily,"""Country""",country,
samsungWeatherClock,get_samsungWeatherClockDaily,"""Current Temp""",current_temp,
samsungWeatherClock,get_samsungWeatherClockDaily,"""Weather Text""",weather_text,
samsungWeatherClock,get_samsungWeatherClockDaily,"""URL""",url,
samsungWeatherClock,get_samsungWeatherClockDaily,"""Daily High Temp""",daily_high_temp,
samsungWeatherClock,get_samsungWeatherClockDaily,"""Daily Low Temp""",daily_low_temp,
samsungWeatherClock,get_samsungWeatherClockHourly,"""Timestamp""",timestamp,datetime
samsungWeatherClock,get_samsungWeatherClockHourly,"""City""",city,
samsungWeatherClock,get_samsungWeatherClockHourly,"""State""",state,
samsungWeatherClock,get_samsungWeatherClockHourly,"""Country""",country,
samsungWeatherClock,get_samsungWeatherClockHourly,"""Current Temp""",current_temp,
samsungWeatherClock,get_samsungWeatherClockHourly,"""Weather Text""",weather_text,
samsungWeatherClock,get_samsungWeatherClockHourly,"""Rain Probability""",rain_probability,
samsungWeatherClock,get_samsungWeatherClockHourly,"""Wind Direction""",wind_direction,
samsungWeatherClock,get_samsungWeatherClockHourly,"""Wind Speed""",wind_speed,
samsungWeatherClock,get_samsungWeatherClockHourly,"""URL""",url,
appSemloc,get_appSemloc,"""Timestamp""",timestamp,datetime
appSemloc,get_appSemloc,"""Rec. Sequence""",rec_sequence,
appSemloc,get_appSemloc,"""Latitude""",latitude,
appSemloc,get_appSemloc,"""Longitude""",longitude,
appSemloc,get_appSemloc,"""Horizontal Acc.""",horizontal_acc,
appSemloc,get_appSemloc,"""Origin""",origin,
NikePolyline,get_nike_polyline,"""Activity ID""",activity_id,
NikePolyline,get_nike_polyline,"""Start Time UTC""",start_time_utc,datetime
NikePolyline,get_nike_polyline,"""End Time UTC""",end_time_utc,datetime
NikePolyline,get_nike_polyline,"""Duration (min)""",duration_min,
NikePolyline,get_nike_polyline,"""Latitude""",latitude,
NikePolyline,get_nike_polyline,"""Longitude""",longitude,
NikePolyline,get_nike_polyline,"""End Latitude""",end_latitude,
NikePolyline,get_nike_polyline,"""End Longitude""",end_longitude,
NikePolyline,get_nike_polyline,"""Route Map""",route_map,media
NikePolyline,get_nike_polyline,"""Route KML""",route_kml,media
GarminActivities,get_garmin_activities,"""Activity ID""",activity_id,
GarminActivities,get_garmin_activities,"""Start Time GMT""",start_time_gmt,
GarminActivities,get_garmin_activities,"""Last Updated""",last_updated,datetime
GarminActivities,get_garmin_activities,"""Activity Name""",activity_name,
GarminActivities,get_garmin_activities,"""Activity Type Key""",activity_type_key,
GarminActivities,get_garmin_activities,"""Distance""",distance,
GarminActivities,get_garmin_activities,"""Duration""",duration,
GarminActivities,get_garmin_activities,"""Moving Duration""",moving_duration,
GarminActivities,get_garmin_activities,"""Elevation Gain""",elevation_gain,
GarminActivities,get_garmin_activities,"""Elevation Loss""",elevation_loss,
GarminActivities,get_garmin_activities,"""Average Speed""",average_speed,
GarminActivities,get_garmin_activities,"""Max Speed""",max_speed,
GarminActivities,get_garmin_activities,"""Start Latitude""",start_latitude,
GarminActivities,get_garmin_activities,"""Start Longitude""",start_longitude,
GarminActivities,get_garmin_activities,"""Owner ID""",owner_id,
GarminActivities,get_garmin_activities,"""Owner Profile Image URL Large""",owner_profile_image_url_large,
GarminActivities,get_garmin_activities,"""Calories""",calories,
GarminActivities,get_garmin_activities,"""Average HR""",average_hr,
GarminActivities,get_garmin_activities,"""Max HR""",max_hr,
GarminActivities,get_garmin_activities,"""Average Running Cadence In Steps Per Minute""",average_running_cadence_in_steps_per_minute,
GarminActivities,get_garmin_activities,"""Max Running Cadence In Steps Per Minute""",max_running_cadence_in_steps_per_minute,
GarminActivities,get_garmin_activities,"""Steps""",steps,
GarminActivities,get_garmin_activities,"""vO2MaxValue""",vo2maxvalue,
mewe,get_mewe_chat,"""Timestamp""",timestamp,datetime
mewe,get_mewe_chat,"""Thread Id""",thread_id,
mewe,get_mewe_chat,"""Thread Name""",thread_name,
mewe,get_mewe_chat,"""Group Id""",group_id,
mewe,get_mewe_chat,"""Chat Type""",chat_type,
mewe,get_mewe_chat,"""User Id""",user_id,
mewe,get_mewe_chat,"""User Name""",user_name,
mewe,get_mewe_chat,"""Message Text""",message_text,
mewe,get_mewe_chat,"""Message Direction""",message_direction,
mewe,get_mewe_chat,"""Message Type""",message_type,
mewe,get_mewe_chat,"""Attachment Name""",attachment_name,
mewe,get_mewe_chat,"""Deleted""",deleted,
mewe,get_mewe_session,"""Key""",key,
mewe,get_mewe_session,"""Value""",value,
meetme,get_meetmechats,"""Timestamp""",timestamp,datetime
meetme,get_meetmechats,"""Thread ID""",thread_id,
meetme,get_meetmechats,"""First Name""",first_name,
meetme,get_meetmechats,"""Last Name""",last_name,
meetme,get_meetmechats,"""Sent By""",sent_by,
meetme,get_meetmechats,"""Message Text""",message_text,
meetme,get_meetmechats,"""Type""",type,
meetme,get_meetmechats,"""Attachment Path""",attachment_path,
L360eventstore,Life360_Locations,"""Timestamp""",timestamp,datetime
L360eventstore,Life360_Locations,"""Latitude""",latitude,
L360eventstore,Life360_Locations,"""Longitude""",longitude,
L360eventstore,Life360_Locations,"""Horizontal Accuracy""",horizontal_accuracy,
L360eventstore,Life360_Locations,"""Speed (as stored)""",speed_as_stored,
L360eventstore,Life360_Locations,"""Speed MPH (assumes m/s)""",speed_mph_assumes_ms,
L360eventstore,Life360_Locations,"""Speed Accuracy""",speed_accuracy,
L360eventstore,Life360_Waypoints,"""Trip ID""",trip_id,
L360eventstore,Life360_Waypoints,"""Timestamp""",timestamp,datetime
L360eventstore,Life360_Waypoints,"""Latitude""",latitude,
L360eventstore,Life360_Waypoints,"""Longitude""",longitude,
L360eventstore,Life360_Waypoints,"""Accuracy""",accuracy,
L360eventstore,Life360_Waypoints,"""Speed (as stored)""",speed_as_stored,
L360eventstore,Life360_Waypoints,"""Speed MPH (assumes m/s)""",speed_mph_assumes_ms,
L360eventstore,Life360_BatteryLevel,"""Timestamp""",timestamp,datetime
L360eventstore,Life360_BatteryLevel,"""Battery Level""",battery_level,
L360eventstore,Life360_BatteryLevel,"""Charging State""",charging_state,
L360eventstore,Life360_BatteryLevel,"""Power Mode""",power_mode,
L360eventstore,Life360_Drive_Events,"""Trip ID""",trip_id,
L360eventstore,Life360_Drive_Events,"""Timestamp""",timestamp,datetime
L360eventstore,Life360_Drive_Events,"""Latitude""",latitude,
L360eventstore,Life360_Drive_Events,"""Longitude""",longitude,
L360eventstore,Life360_Drive_Events,"""Type""",type,
lgRCS,get_lgRCS,"""Date""",date,datetime
lgRCS,get_lgRCS,"""Address""",address,
lgRCS,get_lgRCS,"""Body""",body,
lgRCS,get_lgRCS,"""Read?""",read,
lgRCS,get_lgRCS,"""Thread ID""",thread_id,
lgRCS,get_lgRCS,"""Is File?""",is_file,
lgRCS,get_lgRCS,"""Filename""",filename,
lgRCS,get_lgRCS,"""File Path""",file_path,
lgRCS,get_lgRCS,"""File Size""",file_size,
lgRCS,get_lgRCS,"""Thumb File Path""",thumb_file_path,
lgRCS,get_lgRCS,"""Thumb File Size""",thumb_file_size,
lgRCS,get_lgRCS,"""File XML Path""",file_xml_path,
VerizonRDDWIFI,get_rdd_wifi,"""Timestamp""",timestamp,datetime
VerizonRDDWIFI,get_rdd_wifi,"""Event ID""",event_id,
VerizonRDDWIFI,get_rdd_wifi,"""Event""",event,
VerizonRDDWIFI,get_rdd_wifi,"""BSSID""",bssid,
VerizonRDDWIFI,get_rdd_wifi,"""SSID""",ssid,
VerizonRDDWIFI,get_rdd_wifi,"""IP""",ip,
VerizonRDDWIFI,get_rdd_wifi,"""SessionTime""",sessiontime,
VerizonRDDWIFI,get_rdd_wifi,"""DataTx""",datatx,
VerizonRDDWIFI,get_rdd_wifi,"""DataRx""",datarx,
VerizonRDDWIFI,get_rdd_wifi,"""Cell ID""",cell_id,
AVG,get_AVG,"""Encryption Detail""",encryption_detail,
AVG,get_AVG,"""Value""",value,
AVG,get_AVG_media,"""Media""",media,media
AVG,get_AVG_media,"""Decrypted Filename""",decrypted_filename,
AVG,get_AVG_media,"""Original File Path""",original_file_path,
AVG,get_AVG_media,"""Encrypted Date""",encrypted_date,datetime
AVG,get_AVG_media,"""File Size""",file_size,
AVG,get_AVG_media,"""Decrypted Full Path""",decrypted_full_path,
burnerMessages,get_burnerMessages,"""Timestamp""",timestamp,datetime
burnerMessages,get_burnerMessages,"""Contact""",contact,phonenumber
burnerMessages,get_burnerMessages,"""Message Text""",message_text,
burnerMessages,get_burnerMessages,"""Direction""",direction,
burnerMessages,get_burnerMessages,"""Read Status""",read_status,
Life360,get_Life360_chat_messages,"""Timestamp""",timestamp,datetime
Life360,get_Life360_chat_messages,"""Thread ID""",thread_id,
Life360,get_Life360_chat_messages,"""Sender ID""",sender_id,
Life360,get_Life360_chat_messages,"""Sender Name""",sender_name,
Life360,get_Life360_chat_messages,"""Message""",message,
Life360,get_Life360_chat_messages,"""Message Sent""",message_sent,
Life360,get_Life360_chat_messages,"""Message Read""",message_read,
Life360,get_Life360_chat_messages,"""Message Dismissed""",message_dismissed,
Life360,get_Life360_chat_messages,"""Message Deleted""",message_deleted,
Life360,get_Life360_chat_messages,"""Has Location""",has_location,
Life360,get_Life360_chat_messages,"""Latitude""",latitude,
Life360,get_Life360_chat_messages,"""Longitude""",longitude,
Life360,get_Life360_chat_messages,"""Location Name""",location_name,
Life360,get_Life360_chat_messages,"""Location Timestamp""",location_timestamp,datetime
Life360,get_Life360_chat_messages,"""Source File""",source_file,
Life360,get_Life360_places,"""Place Name""",place_name,
Life360,get_Life360_places,"""Latitude""",latitude,
Life360,get_Life360_places,"""Longitude""",longitude,
Life360,get_Life360_places,"""Radius (as stored)""",radius_as_stored,
Life360,get_Life360_places,"""Places Source""",places_source,
Life360,get_Life360_places,"""Source ID""",source_id,
Life360,get_Life360_places,"""Owner ID""",owner_id,
Life360,get_Life360_places,"""Source File""",source_file,
Life360,get_Life360_locations,"""Timestamp""",timestamp,datetime
Life360,get_Life360_locations,"""Latitude""",latitude,
Life360,get_Life360_locations,"""Longitude""",longitude,
Life360,get_Life360_locations,"""Altitude""",altitude,
Life360,get_Life360_locations,"""Speed (as stored)""",speed_as_stored,
Life360,get_Life360_locations,"""Course""",course,
Life360,get_Life360_locations,"""Bearing""",bearing,
Life360,get_Life360_locations,"""Vertical Accuracy (as stored)""",vertical_accuracy_as_stored,
Life360,get_Life360_locations,"""Horizontal Accuracy (as stored)""",horizontal_accuracy_as_stored,
Life360,get_Life360_locations,"""Location Mode""",location_mode,
Life360,get_Life360_locations,"""Connected Access Point BSSID""",connected_access_point_bssid,
Life360,get_Life360_locations,"""Connected Access Point SSID""",connected_access_point_ssid,
Life360,get_Life360_locations,"""ID""",id,
Life360,get_Life360_locations,"""Source File""",source_file,
Life360,get_Life360_device_battery,"""Timestamp""",timestamp,datetime
Life360,get_Life360_device_battery,"""Device Battery (%)""",device_battery_,
Life360,get_Life360_device_battery,"""Charging""",charging,
Life360,get_Life360_device_battery,"""Source File""",source_file,
kijijiRecentSearches,get_kijijiRecentSearches,"""Date""",date,datetime
kijijiRecentSearches,get_kijijiRecentSearches,"""Search Keyword""",search_keyword,
kijijiRecentSearches,get_kijijiRecentSearches,"""Thumbnail""",thumbnail,
kijijiRecentSearches,get_kijijiRecentSearches,"""Address""",address,
kijijiRecentSearches,get_kijijiRecentSearches,"""Latitude""",latitude,
kijijiRecentSearches,get_kijijiRecentSearches,"""Longitude""",longitude,
kijijiRecentSearches,get_kijijiRecentSearches,"""Search Distance""",search_distance,
kijijiRecentSearches,get_kijijiRecentSearches,"""Ad Type""",ad_type,
kijijiRecentSearches,get_kijijiRecentSearches,"""Price Type""",price_type,
kijijiRecentSearches,get_kijijiRecentSearches,"""Min Price""",min_price,
kijijiRecentSearches,get_kijijiRecentSearches,"""Max Price""",max_price,
